Order number,Customer Name,Country,Revenue amount,Date,
1,School 132,United States,"$1,616 ",1/1/2020,
2,School 480,United Kingdom,"$1,239 ",1/1/2020,
3,School 718,United States,"$1,704 ",1/1/2020,
4,School 1773,United States,"$1,476 ",1/1/2020,
5,School 494,United States,"$1,442 ",1/3/2020, 
6,School 525,France,"$2,473 ",1/3/2020,
7,School 1223,Belgium,"$2,115 ",1/3/2020,
8,School 1442,Italy,"$2,817 ",1/3/2020,
9,School 271,Italy,"$1,840 ",1/4/2020,
10,School 553,Mexico,"$1,692 ",1/4/2020,
11,School 573,United States,$798 ,1/4/2020,
12,School 600,United States,"$1,459 ",1/4/2020,
13,School 678,United States,"$2,846 ",1/4/2020,
14,School 1154,United Kingdom,"$2,224 ",1/4/2020,
15,School 1309,Italy,$871 ,1/4/2020,
16,School 1540,United States,"$1,863 ",1/4/2020,
17,School 1740,United States,"$2,301 ",1/4/2020,
18,School 1935,Australia,"$1,384 ",1/4/2020,
19,School 134,United States,"$1,824 ",1/5/2020,
20,School 841,Denmark,"$2,324 ",1/5/2020,
21,School 1073,United States,"$2,767 ",1/5/2020,
22,School 1147,United States,"$1,196 ",1/5/2020,
23,School 1373,United States,"$1,441 ",1/5/2020,
24,School 1601,United Kingdom,"$2,623 ",1/5/2020,
25,School 1095,United States,$855 ,1/6/2020,
26,School 1173,United States,$806 ,1/6/2020,
27,School 1332,Canada,"$2,301 ",1/6/2020,
28,School 26,United States,"$1,724 ",1/6/2020,
29,School 58,China,"$2,421 ",1/7/2020,
30,School 131,Switzerland,"$2,320 ",1/7/2020,
31,School 444,United States,"$2,516 ",1/7/2020,
32,School 899,Sweden,"$2,203 ",1/7/2020,
33,School 1932,United Kingdom,"$2,187 ",1/7/2020,
34,School 153,United Kingdom,"$2,242 ",1/8/2020,
35,School 272,Italy,"$1,256 ",1/8/2020,
36,School 301,Australia,"$2,706 ",1/8/2020,
37,School 416,United Arab Emirates,"$2,692 ",1/8/2020,
38,School 1432,United States,"$2,709 ",1/8/2020,
39,School 730,Canada,$884 ,1/9/2020,
40,School 762,United Kingdom,"$1,499 ",1/9/2020,
41,School 1033,Belgium,"$2,839 ",1/9/2020,
42,School 1649,Czech Republic,"$2,328 ",1/9/2020,
43,School 868,United States,"$1,067 ",1/10/2020,
44,School 1262,United States,"$2,075 ",1/10/2020,
45,School 694,Canada,"$1,824 ",1/11/2020,
46,School 1300,United States,$818 ,1/11/2020,
47,School 435,United Arab Emirates,"$2,757 ",1/12/2020,
48,School 1026,United Kingdom,"$2,935 ",1/12/2020,
49,School 1322,United States,"$1,399 ",1/12/2020,
50,School 1502,United States,"$2,609 ",1/12/2020,
51,School 1685,United Kingdom,"$1,758 ",1/12/2020,
52,School 577,Italy,"$2,983 ",1/13/2020,
53,School 597,United States,"$1,173 ",1/13/2020,
54,School 706,United States,"$2,837 ",1/13/2020,
55,School 1219,United Kingdom,"$1,993 ",1/13/2020,
56,School 1279,United States,"$1,899 ",1/13/2020,
57,School 1348,United States,"$1,312 ",1/13/2020,
58,School 1728,United States,"$1,183 ",1/13/2020,
59,School 1771,United States,"$2,489 ",1/13/2020,
60,School 1863,China,"$1,040 ",1/13/2020,
61,School 1927,United States,"$1,202 ",1/13/2020,
62,School 353,United States,"$1,492 ",1/14/2020,
63,School 1386,Italy,"$2,003 ",1/14/2020,
64,School 1448,United States,"$1,256 ",1/14/2020,
65,School 1554,United Arab Emirates,$775 ,1/14/2020,
66,School 1652,United States,"$2,346 ",1/14/2020,
67,School 1799,Belgium,"$1,474 ",1/14/2020,
68,School 474,United States,"$2,291 ",1/15/2020,
69,School 232,Japan,"$1,622 ",1/16/2020,
70,School 7,United States,"$2,354 ",1/16/2020,
71,School 1153,United States,"$1,732 ",1/16/2020,
72,School 171,Italy,"$2,773 ",1/17/2020,
73,School 333,United States,"$1,413 ",1/17/2020,
74,School 1031,Italy,"$2,026 ",1/17/2020,
75,School 1175,United States,"$1,473 ",1/17/2020,
76,School 891,United States,$799 ,1/18/2020,
77,School 1049,United Arab Emirates,"$2,572 ",1/18/2020,
78,School 1231,Turkey,"$2,344 ",1/18/2020,
79,School 1496,United Arab Emirates,"$1,268 ",1/18/2020,
80,School 335,United States,"$2,283 ",1/19/2020,
81,School 954,United States,"$2,852 ",1/19/2020,
82,School 1127,Italy,$924 ,1/19/2020,
83,School 349,Finland,"$2,905 ",1/20/2020,
84,School 911,United States,$872 ,1/20/2020,
85,School 928,Italy,"$2,715 ",1/20/2020,
86,School 1273,Finland,$907 ,1/20/2020,
87,School 1708,United States,"$2,468 ",1/20/2020,
88,School 1967,China,"$1,451 ",1/20/2020,
89,School 1965,United Kingdom,"$2,177 ",1/20/2020,
90,School 52,United States,"$2,362 ",1/21/2020,
91,School 30,Belgium,"$2,116 ",1/21/2020,
92,School 1483,Australia,"$1,420 ",1/21/2020,
93,School 1794,China,"$1,300 ",1/21/2020,
94,School 158,Italy,"$1,903 ",1/22/2020,
95,School 304,Brazil,"$2,972 ",1/22/2020,
96,School 922,United States,"$1,039 ",1/22/2020,
97,School 1071,United States,"$2,288 ",1/22/2020,
98,School 1134,Oman,"$2,907 ",1/22/2020,
99,School 189,United States,"$1,196 ",1/23/2020,
100,School 822,United States,$875 ,1/23/2020,
101,School 975,United States,"$1,299 ",1/23/2020,
102,School 984,Egypt,"$2,082 ",1/23/2020,
103,School 1048,Sweden,"$2,091 ",1/23/2020,
104,School 1495,Sweden,"$1,005 ",1/23/2020,
105,School 1717,Sweden,"$1,983 ",1/23/2020,
106,School 20,Sweden,"$2,538 ",1/24/2020,
107,School 136,United States,"$1,974 ",1/24/2020,
108,School 388,China,"$2,958 ",1/24/2020,
109,School 30,Belgium,$977 ,1/24/2020,
110,School 545,United States,"$1,333 ",1/24/2020,
111,School 1190,France,$922 ,1/24/2020,
112,School 1770,United States,"$1,498 ",1/24/2020,
113,School 7,United States,"$1,168 ",1/25/2020,
114,School 733,France,"$2,957 ",1/25/2020,
115,School 706,United States,"$2,814 ",1/25/2020,
116,School 1124,United Kingdom,"$2,621 ",1/25/2020,
117,School 230,Singapore,$835 ,1/26/2020,
118,School 420,Denmark,"$2,456 ",1/26/2020,
119,School 421,Czech Republic,"$1,566 ",1/26/2020,
120,School 883,France,"$2,362 ",1/26/2020,
121,School 1460,South Korea,"$1,512 ",1/26/2020,
122,School 1635,New Zealand,$943 ,1/26/2020,
123,School 72,China,"$1,433 ",1/27/2020,
124,School 181,United Kingdom,"$1,804 ",1/27/2020,
125,School 829,United States,"$2,311 ",1/27/2020,
126,School 1108,Italy,"$2,087 ",1/27/2020,
127,School 1122,United States,"$2,794 ",1/27/2020,
128,School 1316,United States,$818 ,1/27/2020,
129,School 1725,United States,"$2,929 ",1/27/2020,
130,School 120,Italy,"$2,064 ",1/28/2020,
131,School 269,China,"$1,301 ",1/28/2020,
132,School 429,United Kingdom,"$1,264 ",1/28/2020,
133,School 509,United States,"$1,401 ",1/28/2020,
134,School 524,Singapore,$908 ,1/28/2020,
135,School 795,United Kingdom,$928 ,1/28/2020,
136,School 1014,Belgium,"$1,153 ",1/28/2020,
137,School 1253,Australia,"$1,427 ",1/28/2020,
138,School 1379,Canada,"$2,467 ",1/28/2020,
139,School 1443,United Arab Emirates,"$1,350 ",1/28/2020,
140,School 1501,United States,"$2,045 ",1/28/2020,
141,School 1993,Italy,"$2,046 ",1/28/2020,
142,School 50,France,"$2,735 ",1/29/2020,
143,School 227,Italy,"$2,345 ",1/29/2020,
144,School 415,Italy,"$2,411 ",1/29/2020,
145,School 1493,Sweden,"$1,264 ",1/29/2020,
146,School 1651,South Africa,"$2,215 ",1/29/2020,
147,School 1885,Canada,"$1,618 ",1/29/2020,
148,School 85,United States,"$1,893 ",1/30/2020,
149,School 328,Finland,"$2,115 ",1/30/2020,
150,School 230,Singapore,$921 ,1/30/2020,
151,School 563,Brazil,"$1,875 ",1/30/2020,
152,School 601,United States,"$1,888 ",1/30/2020,
153,School 432,Belgium,"$1,846 ",1/30/2020,
154,School 876,Australia,"$2,557 ",1/30/2020,
155,School 981,Sweden,$835 ,1/30/2020,
156,School 1283,United Kingdom,"$1,634 ",1/30/2020,
157,School 1976,France,"$2,185 ",1/30/2020,
158,School 146,United States,"$2,797 ",1/31/2020,
159,School 321,Sweden,"$2,227 ",1/31/2020,
160,School 469,Costa Rica,"$1,905 ",1/31/2020,
161,School 685,United Kingdom,$788 ,1/31/2020,
162,School 1007,United Kingdom,$991 ,1/31/2020,
163,School 173,Costa Rica,"$1,530 ",2/1/2020,
164,School 498,China,"$1,727 ",2/1/2020,
165,School 1497,Singapore,"$1,015 ",2/1/2020,
166,School 63,Denmark,"$2,074 ",2/2/2020,
167,School 30,Belgium,"$2,585 ",2/2/2020,
168,School 538,Costa Rica,"$1,943 ",2/2/2020,
169,School 775,United States,$872 ,2/2/2020,
170,School 956,United States,"$1,342 ",2/2/2020,
171,School 1364,United States,"$1,340 ",2/2/2020,
172,School 1584,United States,$929 ,2/2/2020,
173,School 1796,Australia,"$2,108 ",2/2/2020,
174,School 531,United States,$801 ,2/3/2020,
175,School 693,United Arab Emirates,$772 ,2/3/2020,
176,School 767,Australia,"$2,944 ",2/3/2020,
177,School 874,United States,$883 ,2/3/2020,
178,School 1252,Australia,"$1,173 ",2/3/2020,
179,School 1826,Italy,"$1,797 ",2/3/2020,
180,School 1859,United States,"$1,973 ",2/3/2020,
181,School 79,Singapore,"$1,166 ",2/4/2020,
182,School 310,United States,"$1,976 ",2/4/2020,
183,School 817,Singapore,"$1,824 ",2/4/2020,
184,School 1398,Australia,"$1,567 ",2/4/2020,
185,School 1641,Canada,$889 ,2/4/2020,
186,School 367,Russia,"$1,503 ",2/5/2020,
187,School 1268,Italy,"$2,254 ",2/5/2020,
188,School 177,United States,"$1,992 ",2/6/2020,
189,School 1200,Australia,$899 ,2/6/2020,
190,School 1665,Hong Kong,"$1,671 ",2/6/2020,
191,School 323,Brazil,$781 ,2/7/2020,
192,School 516,United Kingdom,"$2,422 ",2/7/2020,
193,School 968,Singapore,"$1,584 ",2/7/2020,
194,School 1605,Italy,$821 ,2/7/2020,
195,School 1750,Belgium,"$2,657 ",2/7/2020,
196,School 498,China,"$2,830 ",2/8/2020,
197,School 1095,United States,"$1,546 ",2/8/2020,
198,School 1110,Brazil,"$1,442 ",2/8/2020,
199,School 1238,Italy,"$1,209 ",2/8/2020,
200,School 59,Australia,"$2,616 ",2/9/2020,
201,School 384,United States,"$2,654 ",2/9/2020,
202,School 627,United States,"$2,739 ",2/9/2020,
203,School 919,United States,"$1,650 ",2/9/2020,
204,School 1032,Italy,"$1,035 ",2/9/2020,
205,School 1186,Canada,"$1,073 ",2/9/2020,
206,School 916,Singapore,"$1,344 ",2/9/2020,
207,School 1299,United States,"$1,727 ",2/9/2020,
208,School 588,United States,"$1,850 ",2/10/2020,
209,School 713,Belgium,"$1,239 ",2/10/2020,
210,School 833,Australia,"$1,681 ",2/10/2020,
211,School 1106,Italy,$801 ,2/10/2020,
212,School 1370,United States,$826 ,2/10/2020,
213,School 1462,United States,"$2,807 ",2/10/2020,
214,School 476,United States,"$1,393 ",2/11/2020,
215,School 477,United States,"$1,567 ",2/11/2020,
216,School 503,Sweden,"$2,834 ",2/11/2020,
217,School 839,Costa Rica,"$2,160 ",2/11/2020,
218,School 1034,Brazil,"$2,429 ",2/11/2020,
219,School 1358,United States,"$2,212 ",2/11/2020,
220,School 1770,United States,"$2,208 ",2/11/2020,
221,School 191,United States,"$2,343 ",2/12/2020,
222,School 259,Finland,"$2,909 ",2/12/2020,
223,School 1485,Canada,"$1,036 ",2/12/2020,
224,School 1638,China,"$1,587 ",2/12/2020,
225,School 1720,Brazil,"$1,174 ",2/12/2020,
226,School 1801,Canada,"$1,416 ",2/12/2020,
227,School 1828,Sweden,"$1,835 ",2/12/2020,
228,School 201,United States,"$1,847 ",2/13/2020,
229,School 534,Italy,"$1,440 ",2/13/2020,
230,School 604,United States,"$2,526 ",2/13/2020,
231,School 564,Czech Republic,"$2,172 ",2/13/2020,
232,School 729,Canada,"$2,612 ",2/13/2020,
233,School 734,Czech Republic,"$2,651 ",2/13/2020,
234,School 910,United States,"$2,043 ",2/13/2020,
235,School 1159,Italy,"$1,004 ",2/13/2020,
236,School 1374,United States,"$1,457 ",2/13/2020,
237,School 1861,United States,"$1,521 ",2/13/2020,
238,School 1865,Italy,"$2,143 ",2/13/2020,
239,School 303,Brazil,"$2,681 ",2/14/2020,
240,School 603,United States,"$2,398 ",2/14/2020,
241,School 1247,United States,"$1,464 ",2/14/2020,
242,School 1388,Spain,"$2,834 ",2/14/2020,
243,School 1492,Italy,"$1,671 ",2/14/2020,
244,School 1521,United States,"$1,249 ",2/14/2020,
245,School 219,Czech Republic,"$1,908 ",2/15/2020,
246,School 742,United Kingdom,"$1,856 ",2/15/2020,
247,School 791,United States,"$1,972 ",2/15/2020,
248,School 27,United States,"$1,097 ",2/16/2020,
249,School 397,Denmark,"$1,944 ",2/16/2020,
250,School 443,United States,"$2,643 ",2/16/2020,
251,School 478,United States,"$2,704 ",2/16/2020,
252,School 579,Italy,"$1,170 ",2/16/2020,
253,School 960,Italy,"$1,014 ",2/16/2020,
254,School 1571,United States,$818 ,2/16/2020,
255,School 116,United Kingdom,"$2,462 ",2/17/2020,
256,School 457,United States,"$1,910 ",2/17/2020,
257,School 486,Sweden,"$1,105 ",2/17/2020,
258,School 549,United States,"$2,066 ",2/17/2020,
259,School 761,United States,"$1,118 ",2/17/2020,
260,School 896,Belgium,"$1,881 ",2/17/2020,
261,School 903,Hong Kong,"$2,034 ",2/17/2020,
262,School 1020,United States,"$1,151 ",2/17/2020,
263,School 1938,Italy,"$2,208 ",2/17/2020,
264,School 9,Australia,"$2,891 ",2/18/2020,
265,School 459,United States,"$2,489 ",2/18/2020,
266,School 492,United States,"$1,016 ",2/18/2020,
267,School 1095,United States,"$2,517 ",2/18/2020,
268,School 1326,China,"$1,146 ",2/18/2020,
269,School 115,United States,"$1,709 ",2/19/2020,
270,School 238,United Kingdom,"$1,355 ",2/19/2020,
271,School 1371,United States,$916 ,2/19/2020,
272,School 1789,United States,$912 ,2/19/2020,
273,School 1886,Hong Kong,"$2,783 ",2/19/2020,
274,School 38,United States,"$1,158 ",2/20/2020,
275,School 112,United States,"$2,501 ",2/20/2020,
276,School 570,United States,$974 ,2/20/2020,
277,School 1039,United States,"$1,079 ",2/20/2020,
278,School 1437,United States,"$2,440 ",2/20/2020,
279,School 1663,Belgium,"$1,119 ",2/20/2020,
280,School 533,Italy,"$2,197 ",2/21/2020,
281,School 1416,United Arab Emirates,"$2,248 ",2/21/2020,
282,School 1612,United States,"$2,456 ",2/21/2020,
283,School 203,United States,$960 ,2/22/2020,
284,School 275,Sweden,"$2,369 ",2/22/2020,
285,School 395,Hong Kong,"$2,489 ",2/22/2020,
286,School 524,Singapore,"$2,328 ",2/22/2020,
287,School 799,Italy,"$2,429 ",2/22/2020,
288,School 1170,Czech Republic,"$2,505 ",2/22/2020,
289,School 1243,Brazil,"$1,848 ",2/22/2020,
290,School 1637,China,"$1,975 ",2/22/2020,
291,School 1787,United States,"$2,340 ",2/22/2020,
292,School 1680,Singapore,$953 ,2/22/2020,
293,School 185,Sweden,"$1,704 ",2/23/2020,
294,School 557,Australia,"$1,387 ",2/23/2020,
295,School 1285,China,"$2,423 ",2/23/2020,
296,School 1738,Italy,"$2,271 ",2/23/2020,
297,School 91,United Kingdom,"$2,533 ",2/24/2020,
298,School 129,Italy,"$1,279 ",2/24/2020,
299,School 331,United States,"$2,473 ",2/24/2020,
300,School 495,United States,"$1,168 ",2/24/2020,
301,School 1698,United States,"$1,820 ",2/24/2020,
302,School 175,United States,"$2,044 ",2/25/2020,
303,School 392,Belgium,"$2,400 ",2/25/2020,
304,School 413,China,"$1,309 ",2/25/2020,
305,School 1129,Belgium,"$2,839 ",2/25/2020,
306,School 1314,Turkey,"$2,801 ",2/25/2020,
307,School 1472,Brazil,"$1,244 ",2/25/2020,
308,School 667,Australia,"$1,931 ",2/26/2020,
309,School 1324,United States,$870 ,2/26/2020,
310,School 513,United Kingdom,"$2,697 ",2/27/2020,
311,School 1171,United States,"$1,937 ",2/27/2020,
312,School 1241,Canada,"$1,798 ",2/27/2020,
313,School 1264,Australia,"$1,773 ",2/27/2020,
314,School 716,Japan,"$1,643 ",2/28/2020,
315,School 1523,United Kingdom,"$1,101 ",2/28/2020,
316,School 69,United States,"$1,097 ",3/1/2020,
317,School 230,Singapore,"$2,231 ",3/1/2020,
318,School 355,United States,"$1,727 ",3/1/2020,
319,School 511,United States,"$1,826 ",3/1/2020,
320,School 645,United States,"$2,245 ",3/1/2020,
321,School 791,United States,"$1,465 ",3/1/2020,
322,School 846,United States,$760 ,3/1/2020,
323,School 1344,United States,"$1,290 ",3/1/2020,
324,School 1360,United States,"$2,254 ",3/1/2020,
325,School 307,Japan,"$1,435 ",3/2/2020,
326,School 929,Italy,"$2,251 ",3/2/2020,
327,School 933,United States,"$2,503 ",3/2/2020,
328,School 1879,United Kingdom,"$1,216 ",3/2/2020,
329,School 281,Qatar,"$1,935 ",3/3/2020,
330,School 455,United States,"$2,572 ",3/3/2020,
331,School 728,Sweden,"$2,014 ",3/3/2020,
332,School 752,United States,"$2,576 ",3/3/2020,
333,School 990,United States,"$1,152 ",3/3/2020,
334,School 1484,Australia,"$2,481 ",3/3/2020,
335,School 1559,United States,"$2,203 ",3/3/2020,
336,School 1567,Brazil,"$1,141 ",3/3/2020,
337,School 1684,United States,"$1,637 ",3/3/2020,
338,School 1902,Singapore,"$1,533 ",3/3/2020,
339,School 1937,Italy,"$2,892 ",3/3/2020,
340,School 1920,Belgium,"$1,360 ",3/3/2020,
341,School 583,France,"$2,683 ",3/4/2020,
342,School 942,United Kingdom,"$2,346 ",3/4/2020,
343,School 1464,United States,$932 ,3/4/2020,
344,School 1547,Australia,"$1,009 ",3/4/2020,
345,School 1572,United States,$972 ,3/4/2020,
346,School 1954,Italy,"$1,091 ",3/4/2020,
347,School 101,Sweden,"$1,144 ",3/5/2020,
348,School 941,United States,"$1,096 ",3/5/2020,
349,School 958,United States,"$1,019 ",3/5/2020,
350,School 1754,Singapore,"$1,491 ",3/5/2020,
351,School 1913,United States,"$2,039 ",3/5/2020,
352,School 1918,Italy,"$1,711 ",3/5/2020,
353,School 1187,Canada,"$1,289 ",3/6/2020,
354,School 1526,Australia,"$1,598 ",3/6/2020,
355,School 138,China,"$2,128 ",3/7/2020,
356,School 670,Belgium,"$1,055 ",3/7/2020,
357,School 1271,Singapore,"$1,868 ",3/7/2020,
358,School 1474,Hong Kong,"$2,884 ",3/7/2020,
359,School 1847,Canada,"$1,053 ",3/7/2020,
360,School 25,United States,"$1,643 ",3/7/2020,
361,School 81,United States,"$1,171 ",3/8/2020,
362,School 103,United Arab Emirates,"$1,093 ",3/8/2020,
363,School 251,Italy,"$1,426 ",3/8/2020,
364,School 653,Sweden,"$1,921 ",3/8/2020,
365,School 721,China,"$1,839 ",3/8/2020,
366,School 875,United Kingdom,"$2,762 ",3/8/2020,
367,School 917,Finland,"$2,348 ",3/8/2020,
368,School 1320,United States,"$1,830 ",3/8/2020,
369,School 1907,United States,"$2,018 ",3/8/2020,
370,School 904,Singapore,"$1,706 ",3/9/2020,
371,School 1598,United States,"$2,998 ",3/9/2020,
372,School 1640,Australia,"$2,976 ",3/9/2020,
373,School 1953,United Kingdom,"$1,730 ",3/9/2020,
374,School 175,United States,"$1,826 ",3/10/2020,
375,School 472,Czech Republic,"$2,739 ",3/10/2020,
376,School 554,Mexico,"$1,449 ",3/10/2020,
377,School 977,United States,$830 ,3/10/2020,
378,School 1061,United States,"$1,392 ",3/10/2020,
379,School 1507,China,"$1,269 ",3/10/2020,
380,School 1621,Australia,"$1,073 ",3/10/2020,
381,School 1825,Italy,"$2,671 ",3/10/2020,
382,School 1947,United States,"$1,693 ",3/10/2020,
383,School 222,United States,"$1,772 ",3/11/2020,
384,School 1013,Belgium,"$1,935 ",3/11/2020,
385,School 1081,Brazil,$905 ,3/11/2020,
386,School 1889,United States,"$2,309 ",3/11/2020,
387,School 1957,Sweden,"$1,572 ",3/11/2020,
388,School 183,Italy,"$2,753 ",3/12/2020,
389,School 757,United States,"$2,157 ",3/12/2020,
390,School 816,Costa Rica,"$1,727 ",3/12/2020,
391,School 1224,Brazil,"$1,659 ",3/12/2020,
392,School 1575,United Kingdom,"$1,979 ",3/12/2020,
393,School 276,Sweden,"$1,790 ",3/13/2020,
394,School 356,United States,"$2,870 ",3/13/2020,
395,School 1576,Australia,$811 ,3/13/2020,
396,School 1704,France,"$2,958 ",3/13/2020,
397,School 1805,South Korea,"$2,156 ",3/13/2020,
398,School 88,United States,$968 ,3/14/2020,
399,School 197,Italy,"$1,065 ",3/14/2020,
400,School 1170,Czech Republic,$797 ,3/14/2020,
401,School 1597,United States,"$1,363 ",3/14/2020,
402,School 1848,Brazil,"$2,507 ",3/14/2020,
403,School 1967,China,"$1,952 ",3/14/2020,
404,School 134,United States,"$1,620 ",3/15/2020,
405,School 689,Belgium,"$1,482 ",3/15/2020,
406,School 813,Australia,"$2,929 ",3/15/2020,
407,School 912,Italy,"$1,597 ",3/15/2020,
408,School 1181,Australia,"$1,462 ",3/15/2020,
409,School 1406,United States,"$1,140 ",3/15/2020,
410,School 1793,United Kingdom,"$1,296 ",3/15/2020,
411,School 1957,Sweden,"$2,457 ",3/15/2020,
412,School 233,United States,"$1,182 ",3/16/2020,
413,School 363,Costa Rica,"$2,751 ",3/16/2020,
414,School 610,Australia,$949 ,3/16/2020,
415,School 740,United States,"$1,598 ",3/16/2020,
416,School 861,Canada,"$1,889 ",3/16/2020,
417,School 1395,United Kingdom,"$2,388 ",3/16/2020,
418,School 1660,United Kingdom,"$2,329 ",3/16/2020,
419,School 154,Australia,"$1,000 ",3/17/2020,
420,School 164,United States,"$1,711 ",3/17/2020,
421,School 138,China,$890 ,3/17/2020,
422,School 901,Costa Rica,"$2,782 ",3/17/2020,
423,School 902,South Africa,"$2,600 ",3/17/2020,
424,School 1107,Italy,"$2,541 ",3/17/2020,
425,School 1144,Singapore,"$2,241 ",3/17/2020,
426,School 1201,Australia,"$1,718 ",3/17/2020,
427,School 562,Canada,$971 ,3/18/2020,
428,School 1275,Russia,"$1,587 ",3/18/2020,
429,School 412,United States,"$2,646 ",3/19/2020,
430,School 480,United Kingdom,"$1,972 ",3/19/2020,
431,School 718,United States,"$2,734 ",3/19/2020,
432,School 1633,United States,"$1,633 ",3/19/2020,
433,School 1873,United States,"$2,383 ",3/19/2020,
434,School 13,United States,"$1,267 ",3/20/2020,
435,School 67,United States,$762 ,3/20/2020,
436,School 498,China,"$2,344 ",3/20/2020,
437,School 505,South Korea,"$2,294 ",3/20/2020,
438,School 513,United Kingdom,"$1,186 ",3/20/2020,
439,School 1622,Italy,"$1,991 ",3/20/2020,
440,School 1875,Switzerland,"$1,394 ",3/20/2020,
441,School 255,Sweden,"$2,855 ",3/21/2020,
442,School 487,Brazil,$812 ,3/21/2020,
443,School 539,Singapore,$901 ,3/21/2020,
444,School 1338,United States,"$1,993 ",3/21/2020,
445,School 1612,United States,"$2,800 ",3/21/2020,
446,School 1671,Australia,"$2,369 ",3/21/2020,
447,School 463,China,"$1,079 ",3/22/2020,
448,School 1012,Australia,"$1,676 ",3/22/2020,
449,School 1966,China,"$2,252 ",3/22/2020,
450,School 89,United Kingdom,"$1,972 ",3/23/2020,
451,School 144,Finland,"$2,266 ",3/23/2020,
452,School 737,United States,"$1,331 ",3/23/2020,
453,School 760,United States,"$2,407 ",3/23/2020,
454,School 827,Norway,"$2,020 ",3/23/2020,
455,School 847,United States,"$2,557 ",3/23/2020,
456,School 974,Norway,"$1,387 ",3/23/2020,
457,School 1114,United States,"$2,216 ",3/23/2020,
458,School 1365,China,$871 ,3/23/2020,
459,School 1556,Czech Republic,"$2,595 ",3/23/2020,
460,School 1628,France,"$1,336 ",3/23/2020,
461,School 473,United States,"$2,258 ",3/24/2020,
462,School 617,Italy,"$2,287 ",3/24/2020,
463,School 670,Belgium,"$1,230 ",3/24/2020,
464,School 957,United States,"$2,366 ",3/24/2020,
465,School 960,Italy,"$2,238 ",3/24/2020,
466,School 1468,Australia,"$1,179 ",3/24/2020,
467,School 266,United States,"$2,171 ",3/25/2020,
468,School 1748,Australia,"$1,541 ",3/25/2020,
469,School 206,United Kingdom,$995 ,3/26/2020,
470,School 781,United Kingdom,"$1,779 ",3/26/2020,
471,School 1257,United States,"$2,219 ",3/26/2020,
472,School 1466,United States,"$2,259 ",3/26/2020,
473,School 1577,Australia,"$2,566 ",3/26/2020,
474,School 567,United States,"$1,542 ",3/27/2020,
475,School 589,United States,"$1,021 ",3/27/2020,
476,School 763,United Kingdom,"$1,378 ",3/27/2020,
477,School 1207,Costa Rica,"$1,829 ",3/27/2020,
478,School 1469,Australia,"$2,655 ",3/27/2020,
479,School 1545,Australia,"$1,719 ",3/27/2020,
480,School 52,United States,"$2,364 ",3/28/2020,
481,School 161,Singapore,"$1,294 ",3/28/2020,
482,School 831,United Kingdom,"$1,707 ",3/28/2020,
483,School 1739,United States,"$2,035 ",3/28/2020,
484,School 1845,Italy,"$1,408 ",3/28/2020,
485,School 1874,United States,"$1,683 ",3/28/2020,
486,School 27,United States,"$2,365 ",3/28/2020,
487,School 6,Austria,"$2,578 ",3/29/2020,
488,School 146,United States,"$1,375 ",3/29/2020,
489,School 1030,Italy,"$1,152 ",3/29/2020,
490,School 296,United States,"$1,887 ",3/30/2020,
491,School 1240,United Arab Emirates,"$1,304 ",3/30/2020,
492,School 1611,United States,"$2,003 ",3/30/2020,
493,School 1736,Finland,"$2,048 ",3/30/2020,
494,School 1743,United Kingdom,$791 ,3/30/2020,
495,School 108,Costa Rica,"$2,132 ",3/31/2020,
496,School 352,United States,"$2,238 ",3/31/2020,
497,School 294,United States,"$1,740 ",4/1/2020,
498,School 334,United States,$901 ,4/1/2020,
499,School 713,Belgium,"$1,034 ",4/1/2020,
500,School 1439,China,"$2,857 ",4/1/2020,
501,School 1936,Australia,"$2,224 ",4/1/2020,
502,School 1964,United Kingdom,$809 ,4/1/2020,
503,School 578,Italy,"$1,328 ",4/2/2020,
504,School 635,Italy,$757 ,4/2/2020,
505,School 1295,Finland,"$2,568 ",4/2/2020,
506,School 1367,Australia,$774 ,4/2/2020,
507,School 1445,Canada,$799 ,4/2/2020,
508,School 1580,Belgium,"$1,025 ",4/2/2020,
509,School 283,United States,"$1,932 ",4/3/2020,
510,School 1823,Australia,"$1,719 ",4/3/2020,
511,School 1978,United States,"$2,111 ",4/3/2020,
512,School 34,Czech Republic,"$1,764 ",4/4/2020,
513,School 300,Australia,"$2,444 ",4/4/2020,
514,School 316,China,"$2,571 ",4/4/2020,
515,School 1036,United States,"$2,714 ",4/4/2020,
516,School 1163,Belgium,"$2,144 ",4/4/2020,
517,School 1624,Belgium,"$2,824 ",4/4/2020,
518,School 1756,United States,"$1,985 ",4/4/2020,
519,School 1966,China,"$1,627 ",4/4/2020,
520,School 137,United States,"$2,307 ",4/5/2020,
521,School 672,Canada,"$1,261 ",4/5/2020,
522,School 1103,Australia,$860 ,4/5/2020,
523,School 1176,United States,$755 ,4/5/2020,
524,School 1446,Costa Rica,"$1,924 ",4/5/2020,
525,School 1780,Canada,"$2,579 ",4/5/2020,
526,School 8,United States,"$1,079 ",4/6/2020,
527,School 852,Australia,"$1,841 ",4/6/2020,
528,School 1281,United States,"$2,258 ",4/6/2020,
529,School 484,Australia,"$1,143 ",4/7/2020,
530,School 711,Italy,$837 ,4/7/2020,
531,School 1007,United Kingdom,"$2,133 ",4/7/2020,
532,School 1342,United States,"$2,122 ",4/7/2020,
533,School 1313,Czech Republic,"$2,220 ",4/7/2020,
534,School 1839,United States,$946 ,4/7/2020,
535,School 1961,United States,"$2,680 ",4/7/2020,
536,School 5,Spain,"$1,085 ",4/8/2020,
537,School 233,United States,"$1,793 ",4/8/2020,
538,School 669,Australia,"$2,951 ",4/8/2020,
539,School 687,Italy,"$2,471 ",4/8/2020,
540,School 892,China,"$2,958 ",4/9/2020,
541,School 1209,Denmark,"$1,493 ",4/9/2020,
542,School 1414,Belgium,"$2,399 ",4/9/2020,
543,School 1680,Singapore,"$1,872 ",4/9/2020,
544,School 1988,United States,"$1,908 ",4/9/2020,
545,School 203,United States,"$2,633 ",4/10/2020,
546,School 245,Hong Kong,"$2,848 ",4/10/2020,
547,School 1905,United States,"$2,042 ",4/10/2020,
548,School 283,United States,"$1,327 ",4/11/2020,
549,School 580,Belgium,"$2,991 ",4/11/2020,
550,School 1345,United States,"$1,732 ",4/11/2020,
551,School 1500,United States,"$1,823 ",4/11/2020,
552,School 1753,Costa Rica,"$2,698 ",4/11/2020,
553,School 450,Belgium,"$1,136 ",4/12/2020,
554,School 502,Belgium,"$1,787 ",4/12/2020,
555,School 8,United States,"$2,584 ",4/12/2020,
556,School 752,United States,"$1,406 ",4/12/2020,
557,School 1562,United States,"$1,477 ",4/12/2020,
558,School 1961,United States,"$2,650 ",4/12/2020,
559,School 33,Finland,"$2,261 ",4/13/2020,
560,School 153,United Kingdom,"$1,187 ",4/13/2020,
561,School 636,Italy,"$2,569 ",4/13/2020,
562,School 1277,United States,"$1,034 ",4/13/2020,
563,School 1534,France,"$1,716 ",4/13/2020,
564,School 1548,Australia,"$2,596 ",4/13/2020,
565,School 1988,United States,"$2,175 ",4/13/2020,
566,School 95,Australia,"$2,108 ",4/14/2020,
567,School 699,South Korea,"$1,599 ",4/14/2020,
568,School 1078,Italy,"$1,813 ",4/14/2020,
569,School 1479,United States,"$2,771 ",4/14/2020,
570,School 606,United States,"$1,064 ",4/15/2020,
571,School 849,United Kingdom,$878 ,4/15/2020,
572,School 1018,United States,"$2,845 ",4/15/2020,
573,School 1045,Italy,"$1,965 ",4/15/2020,
574,School 1212,United States,"$1,236 ",4/15/2020,
575,School 1577,Australia,"$2,076 ",4/15/2020,
576,School 923,United States,"$1,269 ",4/16/2020,
577,School 1162,Belgium,"$2,013 ",4/16/2020,
578,School 1303,United States,"$1,593 ",4/16/2020,
579,School 1711,United Kingdom,"$2,013 ",4/16/2020,
580,School 311,United States,"$2,004 ",4/17/2020,
581,School 516,United Kingdom,"$2,690 ",4/17/2020,
582,School 886,Japan,$808 ,4/17/2020,
583,School 1085,United States,$945 ,4/17/2020,
584,School 1132,United States,"$1,963 ",4/17/2020,
585,School 1215,United States,"$1,609 ",4/18/2020,
586,School 1209,Denmark,"$2,561 ",4/18/2020,
587,School 1703,Brazil,"$1,703 ",4/18/2020,
588,School 1816,Czech Republic,"$2,829 ",4/18/2020,
589,School 470,Singapore,"$2,903 ",4/19/2020,
590,School 787,Sweden,"$2,972 ",4/19/2020,
591,School 930,Belgium,"$1,721 ",4/19/2020,
592,School 1849,South Africa,"$1,688 ",4/19/2020,
593,School 313,United States,$862 ,4/20/2020,
594,School 775,United States,"$1,258 ",4/20/2020,
595,School 1063,Australia,"$1,574 ",4/20/2020,
596,School 1278,United States,"$1,379 ",4/20/2020,
597,School 1312,Finland,"$1,559 ",4/20/2020,
598,School 1361,United States,"$2,154 ",4/20/2020,
599,School 1169,Finland,"$1,603 ",4/21/2020,
600,School 1296,United States,"$2,768 ",4/21/2020,
601,School 1393,United States,"$2,772 ",4/21/2020,
602,School 1992,Australia,"$2,796 ",4/21/2020,
603,School 230,Singapore,"$2,376 ",4/22/2020,
604,School 346,Sweden,"$2,363 ",4/22/2020,
605,School 403,United States,"$1,550 ",4/22/2020,
606,School 663,United States,"$2,362 ",4/22/2020,
607,School 1085,United States,"$1,523 ",4/22/2020,
608,School 1135,United States,"$2,953 ",4/22/2020,
609,School 1197,United States,"$1,552 ",4/22/2020,
610,School 1144,Singapore,"$2,593 ",4/22/2020,
611,School 1219,United Kingdom,"$2,389 ",4/22/2020,
612,School 1310,Canada,"$2,766 ",4/22/2020,
613,School 1329,Italy,$907 ,4/22/2020,
614,School 1775,Australia,"$2,734 ",4/22/2020,
615,School 1925,United States,"$2,745 ",4/22/2020,
616,School 1986,United States,$876 ,4/22/2020,
617,School 188,United States,"$1,117 ",4/23/2020,
618,School 219,Czech Republic,"$2,092 ",4/23/2020,
619,School 586,United States,"$2,387 ",4/23/2020,
620,School 801,Singapore,"$2,869 ",4/23/2020,
621,School 848,United Kingdom,"$2,344 ",4/23/2020,
622,School 1232,United States,"$2,945 ",4/23/2020,
623,School 1325,China,"$2,444 ",4/23/2020,
624,School 1384,United States,"$2,854 ",4/23/2020,
625,School 1958,United Arab Emirates,$984 ,4/23/2020,
626,School 1,United States,"$2,498 ",4/24/2020,
627,School 21,Brazil,"$1,004 ",4/24/2020,
628,School 244,Costa Rica,"$2,556 ",4/24/2020,
629,School 1355,Italy,"$2,861 ",4/24/2020,
630,School 1402,Italy,"$2,941 ",4/24/2020,
631,School 75,Australia,"$1,536 ",4/25/2020,
632,School 650,Australia,"$1,727 ",4/25/2020,
633,School 812,Australia,"$1,500 ",4/25/2020,
634,School 1453,United Kingdom,"$1,070 ",4/25/2020,
635,School 1542,United Kingdom,"$2,382 ",4/25/2020,
636,School 261,United States,"$1,214 ",4/26/2020,
637,School 993,China,"$2,967 ",4/26/2020,
638,School 1112,Czech Republic,"$2,685 ",4/26/2020,
639,School 1263,United Kingdom,"$1,905 ",4/26/2020,
640,School 1595,United States,"$2,423 ",4/26/2020,
641,School 1615,United States,"$1,833 ",4/26/2020,
642,School 1797,Italy,"$1,260 ",4/26/2020,
643,School 1940,Canada,$799 ,4/26/2020,
644,School 237,United States,"$1,916 ",4/27/2020,
645,School 705,United States,"$2,612 ",4/27/2020,
646,School 797,Australia,"$2,454 ",4/27/2020,
647,School 1824,Italy,"$1,181 ",4/27/2020,
648,School 1814,Belgium,"$1,170 ",4/27/2020,
649,School 83,United States,"$2,727 ",4/28/2020,
650,School 162,Finland,$944 ,4/28/2020,
651,School 230,Singapore,"$1,183 ",4/28/2020,
652,School 576,Italy,"$1,555 ",4/28/2020,
653,School 967,Hong Kong,"$1,671 ",4/28/2020,
654,School 1410,United Kingdom,"$1,704 ",4/28/2020,
655,School 1419,United States,"$2,115 ",4/28/2020,
656,School 1646,Canada,"$1,863 ",4/28/2020,
657,School 60,Italy,"$1,382 ",4/29/2020,
658,School 506,United States,"$2,867 ",4/29/2020,
659,School 498,China,$972 ,4/29/2020,
660,School 523,South Africa,"$1,205 ",4/29/2020,
661,School 706,United States,"$1,235 ",4/29/2020,
662,School 960,Italy,$843 ,4/29/2020,
663,School 1092,Australia,"$2,356 ",4/29/2020,
664,School 1401,Greece,"$2,914 ",4/29/2020,
665,School 1543,United Kingdom,"$2,896 ",4/29/2020,
666,School 1586,United States,"$1,099 ",4/29/2020,
667,School 1827,Sweden,"$1,197 ",4/29/2020,
668,School 1395,United Kingdom,"$2,536 ",4/30/2020,
669,School 1426,Australia,$865 ,4/30/2020,
670,School 1748,Australia,"$1,859 ",4/30/2020,
671,School 345,Belgium,"$2,651 ",5/1/2020,
672,School 595,Italy,"$1,820 ",5/1/2020,
673,School 824,Italy,"$2,159 ",5/1/2020,
674,School 882,France,"$2,760 ",5/1/2020,
675,School 979,United Kingdom,"$1,480 ",5/1/2020,
676,School 1099,Spain,"$1,314 ",5/1/2020,
677,School 1206,Costa Rica,"$2,417 ",5/1/2020,
678,School 1714,Italy,"$1,286 ",5/1/2020,
679,School 1974,Brazil,"$2,734 ",5/1/2020,
680,School 465,Australia,$871 ,5/2/2020,
681,School 951,Egypt,"$1,772 ",5/2/2020,
682,School 1359,United States,"$1,498 ",5/2/2020,
683,School 1431,Egypt,"$1,182 ",5/2/2020,
684,School 1804,Finland,"$2,994 ",5/2/2020,
685,School 1807,United States,"$2,790 ",5/2/2020,
686,School 1770,United States,"$2,378 ",5/2/2020,
687,School 1844,Australia,"$1,586 ",5/2/2020,
688,School 11,Italy,$965 ,5/3/2020,
689,School 125,Singapore,"$2,445 ",5/3/2020,
690,School 305,France,"$1,896 ",5/3/2020,
691,School 359,United Kingdom,"$2,980 ",5/3/2020,
692,School 30,Belgium,"$2,929 ",5/3/2020,
693,School 564,Czech Republic,"$1,359 ",5/3/2020,
694,School 1291,Sweden,"$1,588 ",5/3/2020,
695,School 1649,Czech Republic,$750 ,5/3/2020,
696,School 885,Denmark,"$1,191 ",5/3/2020,
697,School 1769,United States,$759 ,5/3/2020,
698,School 543,United States,"$1,607 ",5/4/2020,
699,School 558,Italy,"$1,894 ",5/4/2020,
700,School 1462,United States,"$2,335 ",5/4/2020,
701,School 1944,Finland,"$1,974 ",5/4/2020,
702,School 184,Belgium,"$1,370 ",5/5/2020,
703,School 596,Sweden,"$2,842 ",5/5/2020,
704,School 686,Australia,$919 ,5/5/2020,
705,School 1168,Finland,$887 ,5/5/2020,
706,School 1387,United States,"$2,820 ",5/5/2020,
707,School 99,Belgium,"$2,944 ",5/6/2020,
708,School 924,United States,"$2,399 ",5/6/2020,
709,School 1495,Sweden,"$2,214 ",5/6/2020,
710,School 1808,United States,$800 ,5/7/2020,
711,School 1901,Singapore,"$1,469 ",5/7/2020,
712,School 1010,China,"$2,673 ",5/8/2020,
713,School 1336,Hong Kong,"$1,809 ",5/8/2020,
714,School 1750,Belgium,$936 ,5/8/2020,
715,School 1945,United States,"$2,302 ",5/8/2020,
716,School 138,China,"$1,372 ",5/9/2020,
717,School 566,United States,"$2,280 ",5/9/2020,
718,School 734,Czech Republic,"$2,420 ",5/9/2020,
719,School 818,Singapore,"$1,435 ",5/9/2020,
720,School 1225,Costa Rica,"$1,606 ",5/9/2020,
721,School 1236,Australia,"$1,662 ",5/9/2020,
722,School 1301,United States,"$2,691 ",5/9/2020,
723,School 1525,China,$849 ,5/9/2020,
724,School 89,United Kingdom,"$2,847 ",5/10/2020,
725,School 1911,United States,"$1,725 ",5/10/2020,
726,School 198,Belgium,"$2,768 ",5/11/2020,
727,School 608,China,"$2,678 ",5/12/2020,
728,School 1552,Sweden,"$1,000 ",5/12/2020,
729,School 16,United Kingdom,"$2,484 ",5/13/2020,
730,School 757,United States,"$2,958 ",5/13/2020,
731,School 1639,Australia,$839 ,5/13/2020,
732,School 1737,United States,"$1,853 ",5/13/2020,
733,School 1974,Brazil,"$1,768 ",5/13/2020,
734,School 191,United States,"$1,805 ",5/14/2020,
735,School 139,China,"$1,997 ",5/14/2020,
736,School 683,United Kingdom,"$2,741 ",5/14/2020,
737,School 1214,United States,$882 ,5/14/2020,
738,School 1568,Czech Republic,"$2,490 ",5/14/2020,
739,School 1811,United Kingdom,"$1,408 ",5/14/2020,
740,School 2018,Sweden,$778 ,5/14/2020,
741,School 19,Italy,"$2,762 ",5/15/2020,
742,School 239,China,"$1,859 ",5/15/2020,
743,School 277,Hong Kong,"$2,885 ",5/15/2020,
744,School 1593,United States,"$1,407 ",5/15/2020,
745,School 46,Australia,"$2,108 ",5/16/2020,
746,School 143,Singapore,"$1,916 ",5/16/2020,
747,School 156,Italy,"$2,646 ",5/16/2020,
748,School 1001,United States,"$1,250 ",5/16/2020,
749,School 1335,Brazil,"$2,085 ",5/16/2020,
750,School 1488,China,"$2,626 ",5/16/2020,
751,School 1603,Australia,"$1,043 ",5/16/2020,
752,School 1773,United States,"$1,347 ",5/16/2020,
753,School 1969,Italy,"$1,989 ",5/16/2020,
754,School 1762,Australia,"$2,285 ",5/16/2020,
755,School 2022,Costa Rica,"$1,969 ",5/16/2020,
756,School 105,United Arab Emirates,"$1,446 ",5/17/2020,
757,School 732,Brazil,"$2,616 ",5/17/2020,
758,School 1354,Italy,"$2,055 ",5/17/2020,
759,School 1719,Canada,"$2,981 ",5/17/2020,
760,School 1864,Australia,"$1,038 ",5/17/2020,
761,School 1982,United States,"$1,903 ",5/17/2020,
762,School 97,Italy,"$1,545 ",5/18/2020,
763,School 210,Australia,"$1,606 ",5/18/2020,
764,School 370,United States,"$1,697 ",5/18/2020,
765,School 651,Belgium,"$2,597 ",5/18/2020,
766,School 820,Czech Republic,"$1,825 ",5/18/2020,
767,School 1035,Czech Republic,"$2,611 ",5/18/2020,
768,School 1380,Singapore,"$1,735 ",5/18/2020,
769,School 1752,Brazil,"$1,726 ",5/18/2020,
770,School 230,Singapore,"$2,776 ",5/19/2020,
771,School 344,Belgium,"$2,210 ",5/19/2020,
772,School 451,United Arab Emirates,"$1,934 ",5/19/2020,
773,School 1083,United States,"$1,955 ",5/19/2020,
774,School 1321,United States,"$1,857 ",5/19/2020,
775,School 422,United States,"$2,482 ",5/20/2020,
776,School 948,Costa Rica,"$2,089 ",5/20/2020,
777,School 1143,Sweden,"$2,722 ",5/20/2020,
778,School 1413,Italy,"$2,006 ",5/20/2020,
779,School 1606,Italy,"$2,512 ",5/20/2020,
780,School 1617,United States,$827 ,5/20/2020,
781,School 1806,United States,"$1,547 ",5/20/2020,
782,School 1905,United States,$896 ,5/20/2020,
783,School 13,United States,"$2,240 ",5/21/2020,
784,School 585,United States,"$1,940 ",5/21/2020,
785,School 740,United States,"$1,628 ",5/21/2020,
786,School 1128,Italy,"$1,917 ",5/21/2020,
787,School 1292,Costa Rica,"$1,014 ",5/21/2020,
788,School 1723,Finland,"$2,485 ",5/21/2020,
789,School 1892,United Kingdom,"$2,533 ",5/21/2020,
790,School 1916,Australia,"$2,658 ",5/21/2020,
791,School 1934,Australia,"$1,066 ",5/21/2020,
792,School 319,Italy,$900 ,5/22/2020,
793,School 379,Canada,"$1,324 ",5/22/2020,
794,School 8,United States,"$1,090 ",5/22/2020,
795,School 1073,United States,"$2,567 ",5/22/2020,
796,School 1199,United Kingdom,"$1,746 ",5/22/2020,
797,School 1289,Italy,"$1,821 ",5/22/2020,
798,School 1427,Australia,"$2,925 ",5/22/2020,
799,School 1701,Italy,"$2,648 ",5/22/2020,
800,School 1798,Belgium,"$2,639 ",5/22/2020,
801,School 697,Singapore,"$1,889 ",5/23/2020,
802,School 1357,Canada,$960 ,5/23/2020,
803,School 1615,United States,"$1,455 ",5/23/2020,
804,School 1686,China,"$2,337 ",5/23/2020,
805,School 1766,Belgium,"$2,695 ",5/23/2020,
806,School 1882,Belgium,"$1,957 ",5/23/2020,
807,School 298,United States,"$2,786 ",5/24/2020,
808,School 386,Switzerland,"$1,193 ",5/24/2020,
809,School 825,United States,"$1,809 ",5/24/2020,
810,School 935,United States,"$1,069 ",5/24/2020,
811,School 36,United States,"$1,843 ",5/24/2020,
812,School 30,Belgium,"$2,156 ",5/25/2020,
813,School 102,Sweden,"$1,783 ",5/25/2020,
814,School 230,Singapore,"$1,245 ",5/25/2020,
815,School 1648,Costa Rica,"$1,377 ",5/25/2020,
816,School 405,United States,"$2,624 ",5/26/2020,
817,School 1043,Australia,"$1,043 ",5/26/2020,
818,School 1902,Singapore,"$2,713 ",5/26/2020,
819,School 1923,Costa Rica,"$2,629 ",5/26/2020,
820,School 1991,Australia,"$1,721 ",5/26/2020,
821,School 378,United Arab Emirates,"$1,144 ",5/27/2020,
822,School 7,United States,"$1,189 ",5/27/2020,
823,School 481,Australia,"$2,751 ",5/27/2020,
824,School 708,China,"$1,973 ",5/27/2020,
825,School 1343,United States,"$2,727 ",5/27/2020,
826,School 1659,United States,"$2,376 ",5/27/2020,
827,School 87,United States,"$2,885 ",5/28/2020,
828,School 220,United States,$783 ,5/28/2020,
829,School 992,United Kingdom,"$1,317 ",5/28/2020,
830,School 1198,United States,"$1,715 ",5/28/2020,
831,School 1478,United States,"$2,193 ",5/28/2020,
832,School 1712,China,"$1,933 ",5/28/2020,
833,School 613,Australia,"$1,885 ",5/29/2020,
834,School 626,United States,"$1,236 ",5/29/2020,
835,School 641,Finland,"$1,285 ",5/29/2020,
836,School 644,United States,"$1,133 ",5/29/2020,
837,School 653,Sweden,"$2,971 ",5/29/2020,
838,School 1293,Singapore,$846 ,5/29/2020,
839,School 1294,Singapore,"$2,541 ",5/29/2020,
840,School 1311,Singapore,"$1,817 ",5/29/2020,
841,School 1460,South Korea,"$2,045 ",5/29/2020,
842,School 1587,United Kingdom,"$2,851 ",5/29/2020,
843,School 1731,United States,"$2,073 ",5/29/2020,
844,School 1894,Australia,"$1,852 ",5/29/2020,
845,School 1911,United States,"$2,107 ",5/29/2020,
846,School 510,United States,"$2,601 ",5/30/2020,
847,School 655,United Arab Emirates,"$2,723 ",5/30/2020,
848,School 1014,Belgium,"$1,756 ",5/30/2020,
849,School 791,United States,"$2,097 ",5/31/2020,
850,School 945,Italy,"$1,270 ",5/31/2020,
851,School 1194,United States,"$2,168 ",5/31/2020,
852,School 1891,United Kingdom,"$1,173 ",5/31/2020,
853,School 1973,United Arab Emirates,$973 ,5/31/2020,
854,School 23,Singapore,"$2,171 ",6/1/2020,
855,School 34,Czech Republic,"$1,335 ",6/1/2020,
856,School 599,United States,"$2,798 ",6/1/2020,
857,School 643,Czech Republic,"$2,556 ",6/1/2020,
858,School 1140,China,"$2,078 ",6/1/2020,
859,School 1304,United States,$775 ,6/1/2020,
860,School 1970,Italy,"$1,012 ",6/1/2020,
861,School 181,United Kingdom,"$1,254 ",6/2/2020,
862,School 409,United States,"$1,347 ",6/2/2020,
863,School 755,United States,"$1,321 ",6/2/2020,
864,School 969,Czech Republic,"$2,828 ",6/2/2020,
865,School 1006,United States,"$2,960 ",6/2/2020,
866,School 1546,Australia,$883 ,6/2/2020,
867,School 1705,United States,"$2,746 ",6/2/2020,
868,School 1707,United States,"$1,626 ",6/2/2020,
869,School 1813,Italy,"$2,230 ",6/2/2020,
870,School 29,Italy,"$1,715 ",6/3/2020,
871,School 163,Finland,"$2,282 ",6/3/2020,
872,School 1599,United States,$763 ,6/3/2020,
873,School 1779,Canada,"$2,519 ",6/3/2020,
874,School 1893,Australia,"$2,673 ",6/3/2020,
875,School 4,Italy,"$2,642 ",6/4/2020,
876,School 620,Costa Rica,"$1,996 ",6/4/2020,
877,School 763,United Kingdom,"$1,858 ",6/4/2020,
878,School 798,Italy,"$2,978 ",6/4/2020,
879,School 860,Sweden,"$1,355 ",6/4/2020,
880,School 936,United States,$985 ,6/4/2020,
881,School 1080,Canada,"$2,216 ",6/4/2020,
882,School 1614,United States,"$2,540 ",6/4/2020,
883,School 1642,Finland,"$1,228 ",6/4/2020,
884,School 1840,United Kingdom,"$1,639 ",6/4/2020,
885,School 1956,Italy,"$2,404 ",6/4/2020,
886,School 775,United States,"$2,157 ",6/5/2020,
887,School 1016,Singapore,"$2,567 ",6/5/2020,
888,School 1090,United Kingdom,"$1,297 ",6/5/2020,
889,School 1160,Italy,"$2,398 ",6/5/2020,
890,School 1510,Greece,"$2,408 ",6/5/2020,
891,School 1611,United States,"$2,915 ",6/5/2020,
892,School 1881,Italy,"$2,911 ",6/5/2020,
893,School 1945,United States,$774 ,6/5/2020,
894,School 15,United States,"$2,169 ",6/6/2020,
895,School 375,United States,"$2,609 ",6/6/2020,
896,School 1578,Italy,"$1,371 ",6/6/2020,
897,School 64,United States,"$2,096 ",6/7/2020,
898,School 247,Italy,"$1,392 ",6/7/2020,
899,School 390,Australia,"$1,921 ",6/7/2020,
900,School 986,United States,"$2,860 ",6/7/2020,
901,School 1283,United Kingdom,"$1,761 ",6/7/2020,
902,School 1649,Czech Republic,"$1,116 ",6/7/2020,
903,School 1860,United States,"$1,998 ",6/7/2020,
904,School 199,Finland,"$1,827 ",6/8/2020,
905,School 246,Finland,"$2,731 ",6/8/2020,
906,School 536,Canada,"$1,229 ",6/8/2020,
907,School 1318,United States,"$2,043 ",6/8/2020,
908,School 1476,Japan,$857 ,6/8/2020,
909,School 1690,Belgium,"$2,739 ",6/8/2020,
910,School 350,Egypt,"$2,542 ",6/9/2020,
911,School 806,United States,"$2,430 ",6/9/2020,
912,School 1518,United States,$823 ,6/9/2020,
913,School 638,Canada,"$2,896 ",6/10/2020,
914,School 830,United States,"$2,380 ",6/10/2020,
915,School 1335,Brazil,"$1,054 ",6/10/2020,
916,School 1397,China,"$2,863 ",6/10/2020,
917,School 1414,Belgium,"$1,623 ",6/10/2020,
918,School 1838,United States,"$1,311 ",6/10/2020,
919,School 123,Belgium,"$1,779 ",6/11/2020,
920,School 584,United States,"$2,085 ",6/11/2020,
921,School 1506,China,"$1,227 ",6/11/2020,
922,School 1607,Italy,$994 ,6/11/2020,
923,School 1679,Hong Kong,"$2,105 ",6/11/2020,
924,School 383,United States,"$2,256 ",6/12/2020,
925,School 1057,United States,"$2,262 ",6/12/2020,
926,School 1117,United States,"$2,010 ",6/12/2020,
927,School 1984,United States,"$2,832 ",6/12/2020,
928,School 377,Italy,"$2,907 ",6/13/2020,
929,School 575,Australia,"$1,509 ",6/13/2020,
930,School 1561,United States,$772 ,6/13/2020,
931,School 1689,Italy,"$1,445 ",6/13/2020,
932,School 1226,Hong Kong,"$2,614 ",6/14/2020,
933,School 1417,France,"$2,208 ",6/14/2020,
934,School 35,United States,"$2,958 ",6/15/2020,
935,School 214,Canada,"$1,894 ",6/15/2020,
936,School 1119,United States,"$1,050 ",6/15/2020,
937,School 1528,Italy,"$2,823 ",6/15/2020,
938,School 1676,Canada,"$2,796 ",6/15/2020,
939,School 24,Turkey,"$1,568 ",6/16/2020,
940,School 387,United Kingdom,"$1,162 ",6/16/2020,
941,School 618,Sweden,"$2,221 ",6/16/2020,
942,School 725,Italy,"$1,928 ",6/16/2020,
943,School 976,United States,"$1,090 ",6/16/2020,
944,School 1583,United States,"$1,428 ",6/16/2020,
945,School 1872,Russia,"$2,702 ",6/16/2020,
946,School 1898,Brazil,"$2,446 ",6/16/2020,
947,School 751,United States,"$1,756 ",6/17/2020,
948,School 1415,Sweden,"$2,040 ",6/17/2020,
949,School 1904,Egypt,"$1,526 ",6/17/2020,
950,School 712,Belgium,"$1,168 ",6/18/2020,
951,School 960,Italy,"$2,875 ",6/18/2020,
952,School 988,United States,"$2,947 ",6/18/2020,
953,School 1831,United Arab Emirates,"$2,332 ",6/18/2020,
954,School 633,United Kingdom,"$2,620 ",6/19/2020,
955,School 1059,United States,"$2,170 ",6/19/2020,
956,School 1094,Hong Kong,"$2,463 ",6/19/2020,
957,School 1441,Italy,"$2,376 ",6/19/2020,
958,School 16,United Kingdom,"$2,934 ",6/20/2020,
959,School 285,United States,"$1,857 ",6/20/2020,
960,School 1000,Hong Kong,"$1,248 ",6/20/2020,
961,School 1349,United Kingdom,"$2,227 ",6/20/2020,
962,School 1880,United Kingdom,"$2,153 ",6/20/2020,
963,School 421,Czech Republic,"$2,695 ",6/21/2020,
964,School 1674,Sweden,"$1,525 ",6/21/2020,
965,School 56,United States,"$2,215 ",6/22/2020,
966,School 329,United States,"$2,708 ",6/22/2020,
967,School 602,United States,"$1,047 ",6/22/2020,
968,School 800,Hong Kong,"$1,764 ",6/22/2020,
969,School 1069,United States,"$2,527 ",6/22/2020,
970,School 1334,Brazil,"$2,401 ",6/22/2020,
971,School 1536,United States,"$2,518 ",6/22/2020,
972,School 399,United States,"$2,267 ",6/23/2020,
973,School 656,Canada,"$1,795 ",6/23/2020,
974,School 806,United States,"$1,177 ",6/23/2020,
975,School 960,Italy,"$2,090 ",6/23/2020,
976,School 1151,United States,$782 ,6/23/2020,
977,School 1391,Austria,"$1,510 ",6/23/2020,
978,School 1394,United Kingdom,"$1,114 ",6/23/2020,
979,School 37,United States,"$2,180 ",6/24/2020,
980,School 783,China,"$1,713 ",6/24/2020,
981,School 832,Australia,$876 ,6/24/2020,
982,School 953,United States,"$1,196 ",6/24/2020,
983,School 1498,United States,"$1,562 ",6/24/2020,
984,School 1694,Russia,"$1,419 ",6/24/2020,
985,School 1710,United States,"$2,097 ",6/24/2020,
986,School 1888,United States,"$1,937 ",6/24/2020,
987,School 1155,China,"$1,706 ",6/25/2020,
988,School 1718,Canada,"$2,814 ",6/25/2020,
989,School 1935,Australia,"$2,551 ",6/25/2020,
990,School 222,United States,"$2,812 ",6/26/2020,
991,School 343,Italy,"$1,319 ",6/26/2020,
992,School 391,Greece,"$1,745 ",6/26/2020,
993,School 7,United States,"$2,095 ",6/26/2020,
994,School 854,Australia,"$1,403 ",6/26/2020,
995,School 1274,Czech Republic,$764 ,6/26/2020,
996,School 1405,Turkey,"$1,112 ",6/26/2020,
997,School 1951,United States,"$1,558 ",6/26/2020,
998,School 773,Singapore,"$2,750 ",6/27/2020,
999,School 1137,United Kingdom,$770 ,6/27/2020,
1000,School 1202,Italy,"$2,188 ",6/27/2020,
1001,School 1569,Egypt,"$1,449 ",6/27/2020,
1002,School 1949,United States,"$2,654 ",6/27/2020,
1003,School 146,United States,$764 ,6/28/2020,
1004,School 260,Czech Republic,$864 ,6/28/2020,
1005,School 389,Australia,"$1,600 ",6/28/2020,
1006,School 715,United Arab Emirates,"$1,174 ",6/28/2020,
1007,School 1265,Australia,"$2,142 ",6/28/2020,
1008,School 1695,United States,"$2,012 ",6/28/2020,
1009,School 1776,Italy,"$2,779 ",6/28/2020,
1010,School 771,Hong Kong,"$1,066 ",6/29/2020,
1011,School 1044,Australia,$823 ,6/29/2020,
1012,School 261,United States,"$2,411 ",6/30/2020,
1013,School 488,Singapore,"$1,700 ",6/30/2020,
1014,School 914,Italy,"$2,940 ",6/30/2020,
1015,School 1484,Australia,"$1,027 ",6/30/2020,
1016,School 1433,United States,"$2,166 ",6/30/2020,
1017,School 1645,Mexico,"$2,469 ",6/30/2020,
1018,School 1647,Costa Rica,"$1,618 ",6/30/2020,
1019,School 1691,United Arab Emirates,$809 ,6/30/2020,
1020,School 471,Denmark,"$2,512 ",7/1/2020,
1021,School 796,Australia,"$2,031 ",7/1/2020,
1022,School 1143,Sweden,$932 ,7/1/2020,
1023,School 1458,Singapore,"$2,681 ",7/1/2020,
1024,School 2016,Italy,"$2,145 ",7/1/2020,
1025,School 516,United Kingdom,"$2,458 ",7/2/2020,
1026,School 1024,United States,"$2,114 ",7/2/2020,
1027,School 1166,Brazil,"$1,713 ",7/2/2020,
1028,School 1530,Sweden,"$1,160 ",7/2/2020,
1029,School 138,China,"$1,331 ",7/3/2020,
1030,School 1851,United States,"$2,101 ",7/3/2020,
1031,School 1947,United States,"$2,995 ",7/3/2020,
1032,School 351,United States,"$2,965 ",7/4/2020,
1033,School 402,United States,"$1,212 ",7/4/2020,
1034,School 522,Italy,"$1,820 ",7/4/2020,
1035,School 775,United States,"$2,436 ",7/4/2020,
1036,School 1069,United States,"$2,907 ",7/4/2020,
1037,School 1423,United States,"$2,407 ",7/4/2020,
1038,School 1907,United States,"$2,794 ",7/4/2020,
1039,School 139,China,"$2,051 ",7/5/2020,
1040,School 853,Australia,"$1,778 ",7/5/2020,
1041,School 997,Belgium,"$1,798 ",7/5/2020,
1042,School 1744,China,"$2,873 ",7/5/2020,
1043,School 159,Brazil,$912 ,7/6/2020,
1044,School 201,United States,"$1,216 ",7/6/2020,
1045,School 266,United States,"$1,960 ",7/6/2020,
1046,School 430,Australia,"$2,316 ",7/6/2020,
1047,School 897,Sweden,"$1,353 ",7/6/2020,
1048,School 916,Singapore,"$1,025 ",7/6/2020,
1049,School 1410,United Kingdom,"$1,758 ",7/6/2020,
1050,School 1834,Hong Kong,$788 ,7/6/2020,
1051,School 884,Denmark,"$2,358 ",7/6/2020,
1052,School 625,United States,"$2,625 ",7/7/2020,
1053,School 673,Brazil,"$2,468 ",7/7/2020,
1054,School 691,Sweden,"$2,814 ",7/7/2020,
1055,School 897,Sweden,"$1,174 ",7/7/2020,
1056,School 1282,United States,$809 ,7/7/2020,
1057,School 1406,United States,"$1,786 ",7/7/2020,
1058,School 1778,Italy,"$1,275 ",7/7/2020,
1059,School 433,Sweden,"$1,563 ",7/8/2020,
1060,School 500,Italy,"$2,832 ",7/8/2020,
1061,School 524,Singapore,"$2,414 ",7/8/2020,
1062,School 1144,Singapore,"$2,315 ",7/8/2020,
1063,School 1836,Turkey,"$1,794 ",7/8/2020,
1064,School 42,United Kingdom,$757 ,7/9/2020,
1065,School 336,United Kingdom,"$1,890 ",7/9/2020,
1066,School 947,Brazil,"$2,125 ",7/9/2020,
1067,School 1102,United Kingdom,"$1,498 ",7/9/2020,
1068,School 1111,Hong Kong,"$1,572 ",7/9/2020,
1069,School 155,Australia,"$2,648 ",7/10/2020,
1070,School 1602,China,"$2,861 ",7/10/2020,
1071,School 196,Italy,$947 ,7/11/2020,
1072,School 640,Singapore,"$2,505 ",7/11/2020,
1073,School 871,United States,"$1,406 ",7/11/2020,
1074,School 890,United States,"$1,175 ",7/11/2020,
1075,School 1060,United States,"$1,288 ",7/11/2020,
1076,School 1104,Australia,"$2,266 ",7/11/2020,
1077,School 1453,United Kingdom,"$2,189 ",7/11/2020,
1078,School 825,United States,"$2,781 ",7/12/2020,
1079,School 1005,United States,"$1,573 ",7/12/2020,
1080,School 1668,United States,"$2,423 ",7/12/2020,
1081,School 1687,Australia,"$1,802 ",7/12/2020,
1082,School 1898,Brazil,"$2,972 ",7/12/2020,
1083,School 619,Sweden,$897 ,7/13/2020,
1084,School 1428,Italy,"$1,625 ",7/13/2020,
1085,School 448,Australia,"$1,223 ",7/14/2020,
1086,School 850,China,"$2,337 ",7/14/2020,
1087,School 1245,United States,"$2,987 ",7/14/2020,
1088,School 1376,Italy,"$1,939 ",7/14/2020,
1089,School 1538,United States,"$1,414 ",7/14/2020,
1090,School 1626,Belgium,"$1,042 ",7/14/2020,
1091,School 1786,United States,"$1,572 ",7/14/2020,
1092,School 866,United States,"$2,371 ",7/15/2020,
1093,School 1235,China,"$1,083 ",7/15/2020,
1094,School 1366,Australia,"$1,648 ",7/15/2020,
1095,School 1697,United States,$783 ,7/15/2020,
1096,School 279,United States,"$1,250 ",7/16/2020,
1097,School 1056,United States,"$1,236 ",7/16/2020,
1098,School 1117,United States,"$2,017 ",7/16/2020,
1099,School 1203,Italy,"$2,828 ",7/16/2020,
1100,School 1636,United Kingdom,"$1,314 ",7/16/2020,
1101,School 1772,United States,"$1,410 ",7/17/2020,
1102,School 493,United States,"$2,457 ",7/18/2020,
1103,School 1362,United States,"$1,647 ",7/18/2020,
1104,School 1368,Singapore,"$1,918 ",7/18/2020,
1105,School 1523,United Kingdom,"$2,961 ",7/18/2020,
1106,School 1703,Brazil,"$1,665 ",7/18/2020,
1107,School 96,Italy,"$1,966 ",7/19/2020,
1108,School 615,Italy,"$2,552 ",7/19/2020,
1109,School 844,United States,"$2,780 ",7/19/2020,
1110,School 1076,Australia,$896 ,7/19/2020,
1111,School 1582,United States,"$2,528 ",7/19/2020,
1112,School 1968,Australia,$802 ,7/19/2020,
1113,School 916,Singapore,"$1,740 ",7/20/2020,
1114,School 1276,United States,"$1,824 ",7/20/2020,
1115,School 1620,Australia,"$2,493 ",7/20/2020,
1116,School 1735,United Arab Emirates,"$2,536 ",7/20/2020,
1117,School 661,United States,"$1,394 ",7/21/2020,
1118,School 763,United Kingdom,"$2,431 ",7/21/2020,
1119,School 1075,Australia,"$2,844 ",7/21/2020,
1120,School 1142,Australia,"$1,430 ",7/21/2020,
1121,School 47,Italy,"$1,117 ",7/22/2020,
1122,School 206,United Kingdom,"$1,404 ",7/22/2020,
1123,School 629,United States,"$1,621 ",7/22/2020,
1124,School 659,United States,"$2,933 ",7/22/2020,
1125,School 1126,Australia,"$1,815 ",7/22/2020,
1126,School 1257,United States,"$2,625 ",7/22/2020,
1127,School 1768,United States,"$1,216 ",7/22/2020,
1128,School 394,Costa Rica,"$2,266 ",7/23/2020,
1129,School 845,United States,"$2,736 ",7/23/2020,
1130,School 1251,Australia,"$1,209 ",7/23/2020,
1131,School 1352,Italy,"$2,876 ",7/23/2020,
1132,School 1475,Singapore,"$2,230 ",7/23/2020,
1133,School 7,United States,"$1,093 ",7/24/2020,
1134,School 7,United States,"$1,186 ",7/24/2020,
1135,School 864,Singapore,"$2,747 ",7/24/2020,
1136,School 1054,United States,"$1,571 ",7/24/2020,
1137,School 1490,Australia,"$1,570 ",7/24/2020,
1138,School 1727,United States,"$1,506 ",7/24/2020,
1139,School 122,Italy,"$1,647 ",7/25/2020,
1140,School 418,France,"$1,191 ",7/25/2020,
1141,School 646,United States,$826 ,7/25/2020,
1142,School 834,Italy,"$1,286 ",7/25/2020,
1143,School 915,Italy,"$1,876 ",7/25/2020,
1144,School 1298,United States,"$1,358 ",7/25/2020,
1145,School 1632,United States,"$2,519 ",7/25/2020,
1146,School 1861,United States,"$2,296 ",7/25/2020,
1147,School 865,United States,"$1,628 ",7/26/2020,
1148,School 1297,United States,"$2,211 ",7/26/2020,
1149,School 1574,United States,"$2,812 ",7/26/2020,
1150,School 1588,Australia,"$2,810 ",7/26/2020,
1151,School 209,Australia,"$2,477 ",7/27/2020,
1152,School 330,United States,"$1,638 ",7/27/2020,
1153,School 342,Italy,"$2,169 ",7/27/2020,
1154,School 7,United States,"$1,015 ",7/27/2020,
1155,School 1590,Belgium,"$1,405 ",7/27/2020,
1156,School 1680,Singapore,"$2,586 ",7/27/2020,
1157,School 1821,United Kingdom,"$2,029 ",7/27/2020,
1158,School 1835,Finland,"$1,932 ",7/27/2020,
1159,School 710,Italy,"$2,841 ",7/28/2020,
1160,School 931,Russia,"$1,958 ",7/28/2020,
1161,School 1199,United Kingdom,"$1,417 ",7/28/2020,
1162,School 1237,Italy,"$2,971 ",7/28/2020,
1163,School 1623,Belgium,"$2,143 ",7/28/2020,
1164,School 527,United States,"$2,307 ",7/29/2020,
1165,School 701,United States,"$1,749 ",7/29/2020,
1166,School 899,Sweden,$883 ,7/29/2020,
1167,School 1212,United States,"$2,209 ",7/29/2020,
1168,School 1306,China,"$1,472 ",7/29/2020,
1169,School 1749,Italy,"$1,885 ",7/29/2020,
1170,School 1459,Czech Republic,"$2,742 ",7/29/2020,
1171,School 1895,Italy,"$2,825 ",7/29/2020,
1172,School 235,United States,"$2,768 ",7/30/2020,
1173,School 542,United States,"$1,422 ",7/30/2020,
1174,School 700,United States,"$2,997 ",7/30/2020,
1175,School 721,China,"$1,211 ",7/30/2020,
1176,School 1125,Australia,"$2,462 ",7/30/2020,
1177,School 1192,Egypt,"$2,560 ",7/30/2020,
1178,School 1222,Italy,"$2,683 ",7/30/2020,
1179,School 1984,United States,"$1,635 ",7/30/2020,
1180,School 1065,Brazil,"$2,734 ",7/31/2020,
1181,School 1100,United States,"$2,940 ",7/31/2020,
1182,School 1980,United States,"$1,376 ",7/31/2020,
1183,School 142,United Arab Emirates,"$1,362 ",8/1/2020,
1184,School 772,Singapore,"$1,475 ",8/1/2020,
1185,School 1022,United States,"$1,041 ",8/1/2020,
1186,School 1165,Sweden,"$1,191 ",8/1/2020,
1187,School 1516,Finland,"$1,548 ",8/1/2020,
1188,School 1600,United States,"$2,089 ",8/1/2020,
1189,School 1721,France,"$1,208 ",8/1/2020,
1190,School 215,South Africa,"$2,508 ",8/2/2020,
1191,School 440,Finland,"$2,987 ",8/2/2020,
1192,School 535,Sweden,"$1,244 ",8/2/2020,
1193,School 879,Sweden,$878 ,8/2/2020,
1194,School 1830,United Arab Emirates,"$2,313 ",8/2/2020,
1195,School 1890,United States,"$1,010 ",8/2/2020,
1196,School 211,Italy,"$1,757 ",8/3/2020,
1197,School 634,China,"$1,111 ",8/3/2020,
1198,School 1553,United Arab Emirates,"$1,242 ",8/3/2020,
1199,School 1732,United Kingdom,"$2,210 ",8/3/2020,
1200,School 182,Australia,$950 ,8/4/2020,
1201,School 423,South Africa,"$2,352 ",8/4/2020,
1202,School 634,China,"$1,783 ",8/4/2020,
1203,School 1650,United States,$789 ,8/4/2020,
1204,School 1915,United Kingdom,"$1,493 ",8/4/2020,
1205,School 2018,Sweden,"$2,859 ",8/4/2020,
1206,School 671,Sweden,"$2,738 ",8/5/2020,
1207,School 1095,United States,"$2,927 ",8/5/2020,
1208,School 1448,United States,"$2,536 ",8/5/2020,
1209,School 1975,Singapore,"$2,495 ",8/5/2020,
1210,School 116,United Kingdom,"$2,760 ",8/6/2020,
1211,School 934,United States,"$2,987 ",8/6/2020,
1212,School 987,United States,"$2,718 ",8/6/2020,
1213,School 1511,Italy,"$2,178 ",8/6/2020,
1214,School 731,Brazil,"$1,068 ",8/7/2020,
1215,School 1019,United States,"$2,111 ",8/7/2020,
1216,School 1037,United States,"$2,192 ",8/7/2020,
1217,School 1499,United States,"$2,039 ",8/7/2020,
1218,School 1920,Belgium,"$2,223 ",8/7/2020,
1219,School 943,China,"$2,765 ",8/8/2020,
1220,School 1250,United Kingdom,"$2,786 ",8/8/2020,
1221,School 1614,United States,"$1,963 ",8/8/2020,
1222,School 228,Italy,"$2,743 ",8/9/2020,
1223,School 295,United States,"$1,221 ",8/9/2020,
1224,School 376,United Kingdom,"$1,726 ",8/9/2020,
1225,School 424,South Africa,"$1,705 ",8/9/2020,
1226,School 513,United Kingdom,"$1,647 ",8/9/2020,
1227,School 598,United States,"$2,295 ",8/9/2020,
1228,School 666,Australia,$786 ,8/9/2020,
1229,School 8,United States,$894 ,8/9/2020,
1230,School 804,United States,"$1,066 ",8/9/2020,
1231,School 1372,United States,"$1,742 ",8/9/2020,
1232,School 1415,Sweden,"$2,828 ",8/9/2020,
1233,School 174,Singapore,$996 ,8/10/2020,
1234,School 368,United States,"$1,673 ",8/10/2020,
1235,School 1741,United States,"$2,888 ",8/10/2020,
1236,School 1772,United States,"$1,417 ",8/10/2020,
1237,School 1986,United States,"$1,699 ",8/10/2020,
1238,School 224,United States,"$1,289 ",8/11/2020,
1239,School 1438,United Kingdom,"$1,009 ",8/11/2020,
1240,School 1667,United States,$751 ,8/11/2020,
1241,School 1733,United Kingdom,"$1,932 ",8/11/2020,
1242,School 1767,Costa Rica,"$1,165 ",8/11/2020,
1243,School 1992,Australia,"$1,748 ",8/11/2020,
1244,School 229,United Arab Emirates,"$1,441 ",8/12/2020,
1245,School 521,Australia,"$2,158 ",8/12/2020,
1246,School 682,United States,"$1,457 ",8/12/2020,
1247,School 1233,United States,"$1,565 ",8/12/2020,
1248,School 1696,United States,$901 ,8/12/2020,
1249,School 2,United States,"$2,121 ",8/13/2020,
1250,School 119,Australia,$769 ,8/13/2020,
1251,School 949,Singapore,"$2,991 ",8/13/2020,
1252,School 1570,United States,"$2,285 ",8/13/2020,
1253,School 582,Costa Rica,"$1,362 ",8/14/2020,
1254,School 1523,United Kingdom,"$2,923 ",8/14/2020,
1255,School 1764,Italy,"$2,889 ",8/14/2020,
1256,School 1876,United States,"$2,916 ",8/14/2020,
1257,School 83,United States,"$1,442 ",8/15/2020,
1258,School 30,Belgium,"$2,851 ",8/15/2020,
1259,School 382,United States,"$1,197 ",8/15/2020,
1260,School 401,United States,"$2,819 ",8/15/2020,
1261,School 749,Singapore,"$1,737 ",8/15/2020,
1262,School 1771,United States,"$1,554 ",8/15/2020,
1263,School 1774,Australia,"$2,983 ",8/15/2020,
1264,School 821,Japan,"$1,735 ",8/16/2020,
1265,School 989,United States,$801 ,8/16/2020,
1266,School 1491,Italy,$937 ,8/16/2020,
1267,School 1713,Australia,"$1,234 ",8/16/2020,
1268,School 1949,United States,"$2,373 ",8/16/2020,
1269,School 28,Italy,$905 ,8/17/2020,
1270,School 213,Sweden,"$2,198 ",8/17/2020,
1271,School 421,Czech Republic,"$1,374 ",8/17/2020,
1272,School 1302,United States,"$1,789 ",8/17/2020,
1273,School 1579,Italy,"$1,067 ",8/17/2020,
1274,School 1596,United States,"$2,527 ",8/17/2020,
1275,School 71,United States,"$2,399 ",8/18/2020,
1276,School 293,United States,"$1,039 ",8/18/2020,
1277,School 373,United States,"$2,805 ",8/18/2020,
1278,School 544,United States,"$1,451 ",8/18/2020,
1279,School 782,United Kingdom,"$2,681 ",8/18/2020,
1280,School 1182,Italy,"$2,109 ",8/18/2020,
1281,School 1221,Australia,$897 ,8/18/2020,
1282,School 1955,Italy,"$1,698 ",8/18/2020,
1283,School 308,United States,"$2,799 ",8/19/2020,
1284,School 714,United Arab Emirates,"$2,127 ",8/19/2020,
1285,School 1323,United States,"$2,305 ",8/19/2020,
1286,School 1375,Italy,$819 ,8/19/2020,
1287,School 1471,Belgium,"$1,677 ",8/19/2020,
1288,School 1604,Italy,"$2,171 ",8/19/2020,
1289,School 1791,United States,"$1,257 ",8/19/2020,
1290,School 1898,Brazil,"$1,163 ",8/19/2020,
1291,School 520,Australia,"$1,031 ",8/20/2020,
1292,School 555,United States,"$2,564 ",8/20/2020,
1293,School 624,United States,"$2,940 ",8/20/2020,
1294,School 1508,Australia,"$1,721 ",8/20/2020,
1295,School 649,Australia,"$1,208 ",8/21/2020,
1296,School 744,Australia,"$1,636 ",8/21/2020,
1297,School 1260,United States,"$1,603 ",8/21/2020,
1298,School 1535,United States,"$2,908 ",8/21/2020,
1299,School 1882,Belgium,"$2,353 ",8/21/2020,
1300,School 212,Belgium,$822 ,8/22/2020,
1301,School 400,United States,"$1,494 ",8/22/2020,
1302,School 1161,Italy,"$2,007 ",8/22/2020,
1303,School 1288,Italy,"$2,907 ",8/22/2020,
1304,School 1690,Belgium,"$2,036 ",8/22/2020,
1305,School 789,Hong Kong,"$1,493 ",8/23/2020,
1306,School 1002,United States,"$2,494 ",8/23/2020,
1307,School 611,Australia,"$2,467 ",8/24/2020,
1308,School 717,United States,"$2,231 ",8/24/2020,
1309,School 77,Canada,"$2,175 ",8/25/2020,
1310,School 189,United States,"$1,531 ",8/25/2020,
1311,School 552,United States,"$1,353 ",8/25/2020,
1312,School 810,United States,"$2,059 ",8/25/2020,
1313,School 1256,Russia,$928 ,8/25/2020,
1314,School 1483,Australia,"$1,127 ",8/25/2020,
1315,School 1810,United States,"$2,274 ",8/25/2020,
1316,School 248,United States,"$1,638 ",8/26/2020,
1317,School 590,United States,"$2,671 ",8/26/2020,
1318,School 1729,United States,"$2,888 ",8/26/2020,
1319,School 1837,United States,"$1,757 ",8/26/2020,
1320,School 410,United States,"$2,096 ",8/27/2020,
1321,School 1154,United Kingdom,$960 ,8/27/2020,
1322,School 1381,Singapore,"$2,572 ",8/27/2020,
1323,School 1404,France,"$1,566 ",8/27/2020,
1324,School 1742,United States,"$2,903 ",8/27/2020,
1325,School 747,Italy,"$1,029 ",8/28/2020,
1326,School 1066,Brazil,"$2,384 ",8/28/2020,
1327,School 1087,United States,$813 ,8/28/2020,
1328,School 1137,United Kingdom,"$1,899 ",8/28/2020,
1329,School 1444,United Arab Emirates,$947 ,8/28/2020,
1330,School 54,United States,$874 ,8/29/2020,
1331,School 784,Australia,"$2,251 ",8/29/2020,
1332,School 1290,Italy,$990 ,8/29/2020,
1333,School 593,United Kingdom,"$1,812 ",8/30/2020,
1334,School 766,China,$826 ,8/30/2020,
1335,School 895,Belgium,"$2,499 ",8/30/2020,
1336,School 1939,Italy,$946 ,8/30/2020,
1337,School 139,China,$950 ,8/31/2020,
1338,School 238,United Kingdom,"$1,865 ",8/31/2020,
1339,School 737,United States,"$1,302 ",8/31/2020,
1340,School 878,Belgium,"$2,885 ",8/31/2020,
1341,School 1023,United States,"$2,435 ",8/31/2020,
1342,School 1493,Sweden,"$2,935 ",8/31/2020,
1343,School 1658,United States,"$2,857 ",8/31/2020,
1344,School 1822,China,"$2,934 ",8/31/2020,
1345,School 1898,Brazil,"$1,539 ",8/31/2020,
1346,School 160,Costa Rica,$994 ,9/1/2020,
1347,School 8,United States,"$2,678 ",9/1/2020,
1348,School 612,Australia,"$2,495 ",9/1/2020,
1349,School 660,United States,"$1,065 ",9/1/2020,
1350,School 862,Canada,"$2,963 ",9/1/2020,
1351,School 873,United States,"$2,234 ",9/1/2020,
1352,School 1666,Turkey,"$1,146 ",9/1/2020,
1353,School 320,Sweden,"$2,683 ",9/2/2020,
1354,School 483,Australia,"$1,424 ",9/2/2020,
1355,School 504,Czech Republic,"$1,850 ",9/2/2020,
1356,School 835,Italy,"$2,400 ",9/2/2020,
1357,School 1730,United States,"$2,940 ",9/2/2020,
1358,School 1980,United States,"$1,167 ",9/2/2020,
1359,School 18,Australia,"$2,972 ",9/3/2020,
1360,School 34,Czech Republic,"$2,782 ",9/3/2020,
1361,School 327,France,"$1,789 ",9/3/2020,
1362,School 458,United States,"$2,659 ",9/3/2020,
1363,School 774,United States,"$2,616 ",9/3/2020,
1364,School 859,Belgium,"$1,516 ",9/3/2020,
1365,School 1421,United States,"$1,050 ",9/3/2020,
1366,School 1978,United States,"$1,296 ",9/3/2020,
1367,School 49,Italy,"$1,517 ",9/4/2020,
1368,School 406,United States,"$1,513 ",9/4/2020,
1369,School 893,China,"$2,305 ",9/4/2020,
1370,School 1400,Italy,"$2,737 ",9/4/2020,
1371,School 94,China,"$1,324 ",9/5/2020,
1372,School 447,China,"$1,522 ",9/5/2020,
1373,School 664,United States,"$1,465 ",9/5/2020,
1374,School 780,United States,$816 ,9/5/2020,
1375,School 869,Qatar,"$2,457 ",9/5/2020,
1376,School 1353,Italy,"$2,469 ",9/5/2020,
1377,School 1408,Mexico,"$2,498 ",9/5/2020,
1378,School 1527,Australia,"$2,935 ",9/5/2020,
1379,School 167,United States,"$1,875 ",9/6/2020,
1380,School 309,United States,$812 ,9/6/2020,
1381,School 445,United Kingdom,"$1,029 ",9/6/2020,
1382,School 530,United States,"$1,475 ",9/6/2020,
1383,School 633,United Kingdom,"$1,117 ",9/6/2020,
1384,School 959,China,"$2,308 ",9/6/2020,
1385,School 1050,Costa Rica,"$2,278 ",9/6/2020,
1386,School 916,Singapore,"$1,859 ",9/6/2020,
1387,School 1286,Australia,"$2,060 ",9/6/2020,
1388,School 1581,Turkey,"$1,304 ",9/6/2020,
1389,School 1090,United Kingdom,"$1,764 ",9/7/2020,
1390,School 1833,Canada,"$1,278 ",9/7/2020,
1391,School 187,Czech Republic,"$1,296 ",9/8/2020,
1392,School 398,Finland,"$1,873 ",9/8/2020,
1393,School 927,Australia,"$1,588 ",9/8/2020,
1394,School 2020,United Arab Emirates,"$2,055 ",9/8/2020,
1395,School 146,United States,"$1,851 ",9/9/2020,
1396,School 698,France,$824 ,9/9/2020,
1397,School 1177,United States,"$2,414 ",9/9/2020,
1398,School 1291,Sweden,"$1,785 ",9/9/2020,
1399,School 1672,Australia,"$2,040 ",9/9/2020,
1400,School 3,Italy,$839 ,9/10/2020,
1401,School 253,Italy,"$1,930 ",9/10/2020,
1402,School 1477,United States,"$2,969 ",9/10/2020,
1403,School 1560,United States,"$2,452 ",9/10/2020,
1404,School 1702,Italy,"$1,938 ",9/10/2020,
1405,School 1873,United States,"$2,671 ",9/10/2020,
1406,School 2009,United Kingdom,"$1,770 ",9/10/2020,
1407,School 614,Italy,"$2,007 ",9/11/2020,
1408,School 708,China,"$2,488 ",9/11/2020,
1409,School 819,France,"$1,518 ",9/11/2020,
1410,School 1514,Canada,"$2,883 ",9/11/2020,
1411,School 1777,Italy,"$2,549 ",9/11/2020,
1412,School 1927,United States,"$1,621 ",9/11/2020,
1413,School 10,Italy,"$1,997 ",9/12/2020,
1414,School 56,United States,"$1,071 ",9/12/2020,
1415,School 71,United States,"$2,251 ",9/12/2020,
1416,School 98,Italy,"$2,823 ",9/12/2020,
1417,School 31,Brazil,"$2,688 ",9/12/2020,
1418,School 727,Belgium,$868 ,9/12/2020,
1419,School 814,Italy,"$2,743 ",9/12/2020,
1420,School 820,Czech Republic,"$2,843 ",9/12/2020,
1421,School 996,Australia,"$2,929 ",9/12/2020,
1422,School 1482,United Kingdom,"$2,848 ",9/12/2020,
1423,School 166,Qatar,"$1,293 ",9/13/2020,
1424,School 1565,Belgium,"$2,957 ",9/13/2020,
1425,School 434,Sweden,"$1,232 ",9/14/2020,
1426,School 452,Singapore,"$2,738 ",9/14/2020,
1427,School 456,United States,"$1,639 ",9/14/2020,
1428,School 704,United States,"$1,756 ",9/14/2020,
1429,School 1456,Canada,"$1,773 ",9/14/2020,
1430,School 112,United States,"$2,718 ",9/15/2020,
1431,School 312,United States,"$2,596 ",9/15/2020,
1432,School 393,Sweden,"$2,596 ",9/16/2020,
1433,School 952,United States,"$2,865 ",9/16/2020,
1434,School 78,Canada,"$1,331 ",9/17/2020,
1435,School 280,United States,"$1,859 ",9/17/2020,
1436,School 414,Italy,"$2,133 ",9/17/2020,
1437,School 461,United States,"$2,335 ",9/17/2020,
1438,School 1147,United States,"$2,710 ",9/17/2020,
1439,School 1509,Australia,"$1,342 ",9/17/2020,
1440,School 216,France,$850 ,9/18/2020,
1441,School 683,United Kingdom,"$1,178 ",9/18/2020,
1442,School 972,United States,"$2,224 ",9/18/2020,
1443,School 1064,United Arab Emirates,"$1,633 ",9/18/2020,
1444,School 157,Italy,$864 ,9/19/2020,
1445,School 340,Italy,"$1,214 ",9/19/2020,
1446,School 973,United States,"$1,075 ",9/19/2020,
1447,School 1247,United States,"$1,504 ",9/19/2020,
1448,School 1313,Czech Republic,"$2,415 ",9/19/2020,
1449,School 1573,United States,"$1,434 ",9/19/2020,
1450,School 1664,Canada,"$1,233 ",9/19/2020,
1451,School 1982,United States,"$2,022 ",9/19/2020,
1452,School 529,United States,"$2,899 ",9/20/2020,
1453,School 1457,South Africa,"$1,711 ",9/20/2020,
1454,School 1473,Costa Rica,"$2,646 ",9/20/2020,
1455,School 1618,United States,"$1,964 ",9/20/2020,
1456,School 1899,Singapore,"$2,700 ",9/20/2020,
1457,School 48,Italy,"$2,162 ",9/21/2020,
1458,School 8,United States,"$1,727 ",9/21/2020,
1459,School 512,United States,"$1,491 ",9/21/2020,
1460,School 889,United States,"$1,758 ",9/21/2020,
1461,School 1585,United States,"$1,444 ",9/21/2020,
1462,School 499,Australia,"$1,418 ",9/22/2020,
1463,School 587,United States,"$2,992 ",9/22/2020,
1464,School 591,United States,"$1,082 ",9/22/2020,
1465,School 657,France,"$1,481 ",9/22/2020,
1466,School 1017,South Korea,"$1,860 ",9/22/2020,
1467,School 1170,Czech Republic,"$2,995 ",9/22/2020,
1468,School 1533,South Africa,$877 ,9/22/2020,
1469,School 1795,Australia,"$1,113 ",9/22/2020,
1470,School 1862,United States,"$2,083 ",9/22/2020,
1471,School 856,Italy,"$1,828 ",9/23/2020,
1472,School 706,United States,"$1,484 ",9/23/2020,
1473,School 970,United States,"$1,355 ",9/23/2020,
1474,School 1180,China,$982 ,9/23/2020,
1475,School 1260,United States,"$1,736 ",9/23/2020,
1476,School 1624,Belgium,$851 ,9/23/2020,
1477,School 1755,United States,"$2,388 ",9/23/2020,
1478,School 628,United States,"$1,816 ",9/24/2020,
1479,School 1363,United States,"$1,536 ",9/24/2020,
1480,School 1634,Norway,"$1,198 ",9/24/2020,
1481,School 150,United States,"$1,240 ",9/25/2020,
1482,School 374,United States,"$1,118 ",9/25/2020,
1483,School 1119,United States,"$2,711 ",9/25/2020,
1484,School 1333,Canada,"$1,994 ",9/25/2020,
1485,School 1429,Italy,$832 ,9/25/2020,
1486,School 1520,United States,"$1,390 ",9/25/2020,
1487,School 1522,United States,"$1,817 ",9/25/2020,
1488,School 159,Brazil,"$1,588 ",9/26/2020,
1489,School 546,United States,"$1,688 ",9/26/2020,
1490,School 593,United Kingdom,"$2,004 ",9/26/2020,
1491,School 681,United States,"$1,469 ",9/26/2020,
1492,School 905,France,"$2,521 ",9/26/2020,
1493,School 1564,Italy,"$1,064 ",9/26/2020,
1494,School 1712,China,"$2,287 ",9/26/2020,
1495,School 1762,Australia,"$1,832 ",9/26/2020,
1496,School 1814,Belgium,"$2,231 ",9/26/2020,
1497,School 1991,Australia,"$1,104 ",9/26/2020,
1498,School 177,United States,"$1,160 ",9/27/2020,
1499,School 299,United Kingdom,"$2,409 ",9/27/2020,
1500,School 464,Australia,"$2,115 ",9/27/2020,
1501,School 742,United Kingdom,"$2,694 ",9/27/2020,
1502,School 1015,South Africa,"$1,067 ",9/27/2020,
1503,School 1048,Sweden,"$2,536 ",9/27/2020,
1504,School 32,Singapore,"$2,288 ",9/28/2020,
1505,School 111,United States,"$1,262 ",9/28/2020,
1506,School 203,United States,"$1,067 ",9/28/2020,
1507,School 354,United States,"$2,291 ",9/28/2020,
1508,School 1141,Australia,"$2,431 ",9/28/2020,
1509,School 1341,United States,"$1,905 ",9/28/2020,
1510,School 1608,Belgium,"$2,696 ",9/29/2020,
1511,School 304,Brazil,"$2,137 ",9/30/2020,
1512,School 944,Italy,"$2,390 ",9/30/2020,
1513,School 1215,United States,$808 ,9/30/2020,
1514,School 1537,United States,"$1,954 ",9/30/2020,
1515,School 1552,Sweden,"$1,716 ",9/30/2020,
1516,School 836,Italy,"$1,378 ",10/1/2020,
1517,School 1549,Italy,"$1,025 ",10/1/2020,
1518,School 1686,China,$960 ,10/1/2020,
1519,School 1874,United States,"$2,216 ",10/1/2020,
1520,School 35,United States,"$1,413 ",10/1/2020,
1521,School 381,United States,"$1,172 ",10/2/2020,
1522,School 920,United States,"$2,615 ",10/2/2020,
1523,School 985,United States,"$1,614 ",10/2/2020,
1524,School 1116,United States,"$1,439 ",10/2/2020,
1525,School 1308,Italy,"$1,673 ",10/2/2020,
1526,School 1390,Austria,"$1,474 ",10/2/2020,
1527,School 1489,Australia,"$1,723 ",10/2/2020,
1528,School 1855,United States,"$2,306 ",10/2/2020,
1529,School 1883,Sweden,"$2,269 ",10/2/2020,
1530,School 1913,United States,"$2,414 ",10/2/2020,
1531,School 673,Brazil,$869 ,10/3/2020,
1532,School 982,Brazil,"$2,569 ",10/4/2020,
1533,School 981,Sweden,"$1,091 ",10/4/2020,
1534,School 1184,Belgium,"$2,486 ",10/4/2020,
1535,School 1455,Canada,"$2,830 ",10/4/2020,
1536,School 72,China,"$2,387 ",10/5/2020,
1537,School 361,Italy,$796 ,10/5/2020,
1538,School 1173,United States,"$1,778 ",10/5/2020,
1539,School 1539,United States,"$2,787 ",10/5/2020,
1540,School 1735,United Arab Emirates,"$2,803 ",10/5/2020,
1541,School 1790,United States,"$2,005 ",10/5/2020,
1542,School 1869,Belgium,"$2,006 ",10/5/2020,
1543,School 1995,Italy,$801 ,10/5/2020,
1544,School 507,United States,$929 ,10/6/2020,
1545,School 1038,United States,"$1,981 ",10/6/2020,
1546,School 1058,United States,$875 ,10/6/2020,
1547,School 1083,United States,"$2,934 ",10/6/2020,
1548,School 1257,United States,"$1,461 ",10/6/2020,
1549,School 1860,United States,"$1,542 ",10/6/2020,
1550,School 1149,United States,"$1,019 ",10/7/2020,
1551,School 1557,Russia,"$1,056 ",10/7/2020,
1552,School 1802,Costa Rica,"$2,563 ",10/7/2020,
1553,School 220,United States,"$2,339 ",10/8/2020,
1554,School 358,United States,$905 ,10/8/2020,
1555,School 569,United States,"$1,393 ",10/8/2020,
1556,School 723,Australia,"$1,252 ",10/8/2020,
1557,School 1244,France,"$2,052 ",10/8/2020,
1558,School 1505,United Kingdom,"$1,865 ",10/8/2020,
1559,School 1931,United States,"$2,479 ",10/8/2020,
1560,School 76,Italy,"$2,443 ",10/9/2020,
1561,School 526,Finland,"$1,235 ",10/9/2020,
1562,School 1179,United Kingdom,"$1,151 ",10/9/2020,
1563,School 1317,United States,"$1,399 ",10/9/2020,
1564,School 1724,United States,"$2,064 ",10/9/2020,
1565,School 1577,Australia,"$2,462 ",10/9/2020,
1566,School 475,United States,"$1,165 ",10/10/2020,
1567,School 668,Australia,"$1,111 ",10/10/2020,
1568,School 940,United States,"$2,969 ",10/10/2020,
1569,School 1792,United States,"$2,901 ",10/10/2020,
1570,School 1077,Italy,"$2,809 ",10/11/2020,
1571,School 1436,United States,"$1,032 ",10/11/2020,
1572,School 366,Finland,"$1,711 ",10/12/2020,
1573,School 561,Canada,"$2,397 ",10/12/2020,
1574,School 1421,United States,"$1,541 ",10/12/2020,
1575,School 472,Czech Republic,"$2,602 ",10/13/2020,
1576,School 855,Italy,"$1,198 ",10/13/2020,
1577,School 978,United States,"$1,586 ",10/13/2020,
1578,School 1331,United Arab Emirates,"$2,224 ",10/13/2020,
1579,School 1703,Brazil,"$2,772 ",10/13/2020,
1580,School 1799,Belgium,"$2,857 ",10/13/2020,
1581,School 804,United States,"$2,270 ",10/14/2020,
1582,School 1706,United States,"$1,606 ",10/14/2020,
1583,School 1972,Sweden,"$2,744 ",10/14/2020,
1584,School 31,Brazil,"$2,314 ",10/15/2020,
1585,School 164,United States,"$1,135 ",10/15/2020,
1586,School 516,United Kingdom,"$2,671 ",10/15/2020,
1587,School 1139,United Kingdom,"$2,437 ",10/15/2020,
1588,School 1204,Italy,"$2,588 ",10/15/2020,
1589,School 1211,United States,"$1,531 ",10/15/2020,
1590,School 1699,United States,"$1,944 ",10/15/2020,
1591,School 218,Finland,"$1,422 ",10/16/2020,
1592,School 226,Australia,"$1,004 ",10/16/2020,
1593,School 270,Australia,"$2,858 ",10/16/2020,
1594,School 788,Costa Rica,"$2,943 ",10/16/2020,
1595,School 808,United States,"$1,363 ",10/16/2020,
1596,School 932,United States,$826 ,10/16/2020,
1597,School 1067,United States,"$1,819 ",10/16/2020,
1598,School 1131,France,"$1,684 ",10/16/2020,
1599,School 1412,Italy,"$2,296 ",10/16/2020,
1600,School 1551,Sweden,"$1,797 ",10/16/2020,
1601,School 1662,Italy,"$1,710 ",10/16/2020,
1602,School 445,United Kingdom,$780 ,10/17/2020,
1603,School 572,United States,"$2,481 ",10/17/2020,
1604,School 1447,Singapore,"$2,141 ",10/17/2020,
1605,School 439,Singapore,"$2,657 ",10/18/2020,
1606,School 997,Belgium,"$1,809 ",10/18/2020,
1607,School 1627,Singapore,"$2,773 ",10/18/2020,
1608,School 1782,Finland,"$1,587 ",10/18/2020,
1609,School 1851,United States,"$1,056 ",10/18/2020,
1610,School 1884,Sweden,"$1,323 ",10/18/2020,
1611,School 362,Italy,"$1,029 ",10/19/2020,
1612,School 468,Sweden,"$1,342 ",10/19/2020,
1613,School 675,Finland,$791 ,10/19/2020,
1614,School 863,Brazil,"$2,440 ",10/19/2020,
1615,School 888,United States,"$2,596 ",10/19/2020,
1616,School 935,United States,$985 ,10/19/2020,
1617,School 991,United States,"$1,822 ",10/19/2020,
1618,School 1133,Oman,"$1,198 ",10/19/2020,
1619,School 1347,United States,$969 ,10/19/2020,
1620,School 1550,Belgium,"$2,756 ",10/19/2020,
1621,School 1669,United States,"$1,588 ",10/19/2020,
1622,School 1961,United States,"$1,193 ",10/19/2020,
1623,School 231,France,"$1,416 ",10/20/2020,
1624,School 360,Australia,"$2,523 ",10/20/2020,
1625,School 372,United States,"$2,256 ",10/20/2020,
1626,School 841,Denmark,"$1,460 ",10/20/2020,
1627,School 1016,Singapore,$910 ,10/20/2020,
1628,School 1452,United Kingdom,"$1,736 ",10/20/2020,
1629,School 1848,Brazil,"$1,561 ",10/20/2020,
1630,School 1929,United States,"$2,394 ",10/20/2020,
1631,School 1942,Singapore,"$1,086 ",10/20/2020,
1632,School 921,United States,"$1,701 ",10/21/2020,
1633,School 1683,United States,$988 ,10/21/2020,
1634,School 73,China,$880 ,10/22/2020,
1635,School 453,Singapore,"$2,001 ",10/22/2020,
1636,School 925,United Kingdom,"$1,083 ",10/22/2020,
1637,School 1315,United States,"$2,619 ",10/22/2020,
1638,School 1330,Belgium,"$2,002 ",10/22/2020,
1639,School 1411,China,"$2,296 ",10/22/2020,
1640,School 1688,Australia,"$2,400 ",10/22/2020,
1641,School 1866,Italy,"$1,113 ",10/22/2020,
1642,School 1868,Belgium,"$2,133 ",10/22/2020,
1643,School 1975,Singapore,"$2,743 ",10/22/2020,
1644,School 282,United States,"$1,142 ",10/23/2020,
1645,School 885,Denmark,"$1,694 ",10/23/2020,
1646,School 1146,United States,"$2,064 ",10/23/2020,
1647,School 1517,United States,"$1,796 ",10/23/2020,
1648,School 1772,United States,"$1,437 ",10/23/2020,
1649,School 479,United States,"$2,732 ",10/24/2020,
1650,School 571,Oman,"$1,342 ",10/24/2020,
1651,School 631,United States,"$2,732 ",10/24/2020,
1652,School 1254,Canada,"$2,450 ",10/24/2020,
1653,School 1773,United States,"$1,642 ",10/24/2020,
1654,School 1900,Singapore,"$1,174 ",10/24/2020,
1655,School 242,Italy,"$2,057 ",10/25/2020,
1656,School 35,United States,"$2,789 ",10/26/2020,
1657,School 1053,United States,"$1,981 ",10/26/2020,
1658,School 1165,Sweden,"$2,665 ",10/26/2020,
1659,School 30,Belgium,"$2,361 ",10/27/2020,
1660,School 946,Italy,$770 ,10/27/2020,
1661,School 130,United States,$852 ,10/28/2020,
1662,School 194,Australia,"$1,037 ",10/28/2020,
1663,School 332,United States,"$1,322 ",10/28/2020,
1664,School 779,United States,$963 ,10/28/2020,
1665,School 913,Italy,"$1,821 ",10/28/2020,
1666,School 1172,United States,"$1,079 ",10/28/2020,
1667,School 1351,Australia,"$2,826 ",10/28/2020,
1668,School 1613,United States,"$1,099 ",10/28/2020,
1669,School 1788,United States,"$2,692 ",10/28/2020,
1670,School 750,Singapore,"$2,912 ",10/29/2020,
1671,School 918,United States,"$1,403 ",10/29/2020,
1672,School 1921,Canada,"$2,825 ",10/29/2020,
1673,School 1977,France,"$2,686 ",10/29/2020,
1674,School 138,China,"$2,646 ",10/30/2020,
1675,School 1136,United States,"$1,852 ",10/30/2020,
1676,School 1567,Brazil,"$1,339 ",10/30/2020,
1677,School 417,United Arab Emirates,"$1,233 ",10/31/2020,
1678,School 670,Belgium,"$1,978 ",10/31/2020,
1679,School 851,China,"$1,960 ",10/31/2020,
1680,School 1021,United States,"$1,593 ",10/31/2020,
1681,School 1675,United Arab Emirates,"$2,697 ",10/31/2020,
1682,School 1680,Singapore,"$1,098 ",10/31/2020,
1683,School 1067,United States,"$2,083 ",11/1/2020,
1684,School 1346,United States,$801 ,11/1/2020,
1685,School 1862,United States,"$2,050 ",11/1/2020,
1686,School 1763,Australia,"$2,489 ",11/1/2020,
1687,School 385,United States,"$2,156 ",11/2/2020,
1688,School 431,Australia,"$1,945 ",11/2/2020,
1689,School 1448,United States,"$1,928 ",11/2/2020,
1690,School 1451,United States,"$2,595 ",11/2/2020,
1691,School 1531,Sweden,$918 ,11/2/2020,
1692,School 454,Denmark,"$1,634 ",11/3/2020,
1693,School 1114,United States,"$1,863 ",11/3/2020,
1694,School 1195,United States,"$2,230 ",11/3/2020,
1695,School 1673,Italy,"$2,332 ",11/3/2020,
1696,School 2,United States,"$1,022 ",11/3/2020,
1697,School 170,Italy,"$2,598 ",11/4/2020,
1698,School 404,United States,"$1,123 ",11/4/2020,
1699,School 428,United States,"$1,313 ",11/4/2020,
1700,School 623,Finland,"$1,076 ",11/4/2020,
1701,School 637,United Arab Emirates,"$2,164 ",11/4/2020,
1702,School 1483,Australia,$865 ,11/4/2020,
1703,School 128,United States,"$1,608 ",11/5/2020,
1704,School 568,South Africa,"$1,591 ",11/5/2020,
1705,School 736,United States,"$2,582 ",11/5/2020,
1706,School 748,Belgium,"$1,444 ",11/5/2020,
1707,School 880,United Arab Emirates,"$1,847 ",11/5/2020,
1708,School 1609,Singapore,"$1,084 ",11/5/2020,
1709,School 1644,United States,"$1,418 ",11/5/2020,
1710,School 1670,United States,"$1,513 ",11/5/2020,
1711,School 1829,Sweden,"$1,092 ",11/5/2020,
1712,School 1951,United States,$984 ,11/5/2020,
1713,School 8,United States,"$2,026 ",11/6/2020,
1714,School 45,Australia,"$2,477 ",11/6/2020,
1715,School 126,Finland,"$2,709 ",11/6/2020,
1716,School 230,Singapore,"$2,406 ",11/6/2020,
1717,School 442,United States,$919 ,11/6/2020,
1718,School 857,Italy,"$1,473 ",11/6/2020,
1719,School 934,United States,$991 ,11/6/2020,
1720,School 1026,United Kingdom,"$2,163 ",11/6/2020,
1721,School 1090,United Kingdom,$851 ,11/6/2020,
1722,School 1105,Italy,"$1,731 ",11/6/2020,
1723,School 1280,United States,"$1,658 ",11/6/2020,
1724,School 114,United States,$770 ,11/7/2020,
1725,School 380,Brazil,"$2,243 ",11/7/2020,
1726,School 524,Singapore,"$1,599 ",11/7/2020,
1727,School 1812,Italy,"$2,495 ",11/7/2020,
1728,School 1843,Australia,"$1,765 ",11/7/2020,
1729,School 1942,Singapore,"$2,850 ",11/7/2020,
1730,School 257,Canada,"$2,906 ",11/8/2020,
1731,School 299,United Kingdom,$926 ,11/8/2020,
1732,School 432,Belgium,"$1,739 ",11/8/2020,
1733,School 1087,United States,$832 ,11/8/2020,
1734,School 1418,United States,"$2,924 ",11/8/2020,
1735,School 1480,United States,"$1,130 ",11/8/2020,
1736,School 1616,United States,"$1,437 ",11/8/2020,
1737,School 25,United States,"$1,394 ",11/9/2020,
1738,School 438,Singapore,"$1,099 ",11/9/2020,
1739,School 581,United Arab Emirates,"$1,063 ",11/9/2020,
1740,School 1519,United States,"$1,075 ",11/9/2020,
1741,School 73,China,"$2,747 ",11/10/2020,
1742,School 696,Singapore,"$2,634 ",11/10/2020,
1743,School 900,Canada,"$1,138 ",11/10/2020,
1744,School 971,United States,"$2,465 ",11/10/2020,
1745,School 1661,Australia,$826 ,11/11/2020,
1746,School 1709,United States,$773 ,11/11/2020,
1747,School 314,United States,"$1,501 ",11/12/2020,
1748,School 341,Italy,$835 ,11/12/2020,
1749,School 304,Brazil,"$2,832 ",11/12/2020,
1750,School 432,Belgium,"$1,345 ",11/12/2020,
1751,School 724,Australia,"$1,813 ",11/12/2020,
1752,School 746,Italy,"$2,255 ",11/12/2020,
1753,School 1887,France,"$2,060 ",11/12/2020,
1754,School 26,United States,$814 ,11/13/2020,
1755,School 118,China,$820 ,11/13/2020,
1756,School 141,Italy,"$2,074 ",11/13/2020,
1757,School 186,Hong Kong,"$2,517 ",11/13/2020,
1758,School 302,Italy,"$2,525 ",11/13/2020,
1759,School 677,South Korea,"$2,580 ",11/13/2020,
1760,School 653,Sweden,$984 ,11/13/2020,
1761,School 1028,China,"$1,723 ",11/13/2020,
1762,School 1283,United Kingdom,"$1,197 ",11/13/2020,
1763,School 695,Brazil,"$1,136 ",11/14/2020,
1764,School 737,United States,"$1,620 ",11/14/2020,
1765,School 755,United States,"$1,427 ",11/14/2020,
1766,School 858,Italy,$813 ,11/14/2020,
1767,School 881,Canada,"$2,364 ",11/14/2020,
1768,School 745,Italy,"$1,516 ",11/15/2020,
1769,School 995,Australia,"$1,227 ",11/15/2020,
1770,School 1052,United States,"$2,655 ",11/15/2020,
1771,School 235,United States,"$1,437 ",11/16/2020,
1772,School 593,United Kingdom,"$1,009 ",11/16/2020,
1773,School 1110,Brazil,"$1,209 ",11/16/2020,
1774,School 1227,Hong Kong,$869 ,11/16/2020,
1775,School 1383,Egypt,"$2,390 ",11/16/2020,
1776,School 1459,Czech Republic,"$1,070 ",11/16/2020,
1777,School 1472,Brazil,$779 ,11/16/2020,
1778,School 104,United Arab Emirates,"$2,854 ",11/17/2020,
1779,School 1440,Australia,"$1,580 ",11/17/2020,
1780,School 1532,Canada,"$1,194 ",11/17/2020,
1781,School 1909,United States,$877 ,11/17/2020,
1782,School 1919,Italy,"$1,213 ",11/17/2020,
1783,School 74,Australia,"$2,237 ",11/18/2020,
1784,School 437,Hong Kong,"$2,428 ",11/18/2020,
1785,School 560,Canada,"$1,265 ",11/18/2020,
1786,School 877,Australia,"$1,178 ",11/18/2020,
1787,School 906,United States,"$2,861 ",11/18/2020,
1788,School 1166,Brazil,"$2,740 ",11/18/2020,
1789,School 1228,Finland,"$2,608 ",11/18/2020,
1790,School 1319,United States,"$1,490 ",11/18/2020,
1791,School 1503,United States,"$2,452 ",11/18/2020,
1792,School 1870,Sweden,"$2,213 ",11/18/2020,
1793,School 2017,Italy,"$2,669 ",11/18/2020,
1794,School 195,Australia,"$1,258 ",11/19/2020,
1795,School 290,Italy,$873 ,11/19/2020,
1796,School 810,United States,"$1,382 ",11/19/2020,
1797,School 843,United States,"$1,049 ",11/19/2020,
1798,School 870,United States,"$2,516 ",11/19/2020,
1799,School 1613,United States,"$2,935 ",11/19/2020,
1800,School 1631,Turkey,"$2,153 ",11/19/2020,
1801,School 243,Canada,"$2,785 ",11/20/2020,
1802,School 339,Australia,"$1,881 ",11/20/2020,
1803,School 785,Italy,"$1,730 ",11/20/2020,
1804,School 1003,United States,"$1,030 ",11/20/2020,
1805,School 1027,China,"$1,072 ",11/20/2020,
1806,School 240,Australia,"$2,384 ",11/21/2020,
1807,School 425,United States,$904 ,11/21/2020,
1808,School 491,United States,"$1,900 ",11/21/2020,
1809,School 565,South Korea,"$2,722 ",11/21/2020,
1810,School 735,United States,"$1,357 ",11/21/2020,
1811,School 752,United States,"$1,657 ",11/21/2020,
1812,School 1156,Australia,"$2,659 ",11/21/2020,
1813,School 1330,Belgium,"$2,137 ",11/21/2020,
1814,School 1433,United States,"$2,385 ",11/21/2020,
1815,School 1466,United States,$952 ,11/21/2020,
1816,School 609,Australia,"$1,302 ",11/22/2020,
1817,School 885,Denmark,"$2,827 ",11/22/2020,
1818,School 1042,Australia,"$2,481 ",11/22/2020,
1819,School 1390,Austria,"$1,583 ",11/22/2020,
1820,School 1681,Russia,"$1,707 ",11/22/2020,
1821,School 1703,Brazil,"$1,246 ",11/22/2020,
1822,School 1763,Australia,"$2,572 ",11/23/2020,
1823,School 66,United States,"$2,527 ",11/24/2020,
1824,School 121,Italy,"$2,131 ",11/24/2020,
1825,School 169,China,"$2,760 ",11/24/2020,
1826,School 336,United Kingdom,"$1,576 ",11/24/2020,
1827,School 1062,Australia,"$1,799 ",11/24/2020,
1828,School 916,Singapore,"$2,439 ",11/24/2020,
1829,School 81,United States,"$1,992 ",11/25/2020,
1830,School 419,Denmark,"$1,639 ",11/25/2020,
1831,School 768,Sweden,"$2,580 ",11/25/2020,
1832,School 837,Belgium,"$1,554 ",11/25/2020,
1833,School 1305,United States,"$2,085 ",11/25/2020,
1834,School 1486,United States,"$2,883 ",11/25/2020,
1835,School 1594,United States,$833 ,11/25/2020,
1836,School 150,United States,"$1,064 ",11/26/2020,
1837,School 460,United States,"$2,424 ",11/26/2020,
1838,School 496,United States,"$2,155 ",11/27/2020,
1839,School 528,United States,"$1,905 ",11/27/2020,
1840,School 621,France,"$2,240 ",11/27/2020,
1841,School 840,France,"$1,705 ",11/27/2020,
1842,School 25,United States,"$1,473 ",11/27/2020,
1843,School 54,United States,"$1,720 ",11/28/2020,
1844,School 106,Canada,"$1,123 ",11/28/2020,
1845,School 980,Belgium,"$1,290 ",11/28/2020,
1846,School 1007,United Kingdom,"$1,644 ",11/28/2020,
1847,School 1558,United States,"$2,902 ",11/28/2020,
1848,School 289,Italy,"$1,657 ",11/29/2020,
1849,School 482,Australia,"$1,420 ",11/29/2020,
1850,School 508,United States,"$1,776 ",11/29/2020,
1851,School 1009,China,$862 ,11/29/2020,
1852,School 1563,United States,"$2,103 ",11/29/2020,
1853,School 263,United States,"$2,223 ",11/30/2020,
1854,School 411,Mexico,"$2,893 ",11/30/2020,
1855,School 769,Canada,"$2,668 ",11/30/2020,
1856,School 1592,Singapore,"$1,040 ",11/30/2020,
1857,School 2009,United Kingdom,"$1,089 ",11/30/2020,
1858,School 42,United Kingdom,"$2,302 ",12/1/2020,
1859,School 63,Denmark,"$2,011 ",12/1/2020,
1860,School 1029,China,"$1,137 ",12/1/2020,
1861,School 1109,Italy,"$2,048 ",12/1/2020,
1862,School 1195,United States,$757 ,12/1/2020,
1863,School 1851,United States,"$1,773 ",12/1/2020,
1864,School 706,United States,"$2,785 ",12/2/2020,
1865,School 759,United States,"$2,892 ",12/2/2020,
1866,School 1004,United States,"$2,825 ",12/2/2020,
1867,School 1026,United Kingdom,"$1,146 ",12/2/2020,
1868,School 1339,United States,"$2,277 ",12/2/2020,
1869,School 1929,United States,"$1,562 ",12/2/2020,
1870,School 61,Italy,"$1,256 ",12/3/2020,
1871,School 1247,United States,"$1,069 ",12/3/2020,
1872,School 1287,Italy,"$2,407 ",12/3/2020,
1873,School 1389,Switzerland,"$1,547 ",12/3/2020,
1874,School 1619,United Kingdom,"$2,259 ",12/3/2020,
1875,School 85,United States,"$2,685 ",12/4/2020,
1876,School 100,Belgium,"$2,722 ",12/4/2020,
1877,School 1544,China,"$2,488 ",12/4/2020,
1878,School 1917,Australia,"$2,077 ",12/4/2020,
1879,School 288,Italy,"$2,679 ",12/5/2020,
1880,School 445,United Kingdom,"$1,390 ",12/5/2020,
1881,School 1055,United States,"$1,036 ",12/5/2020,
1882,School 1071,United States,$870 ,12/5/2020,
1883,School 1378,Canada,"$1,717 ",12/5/2020,
1884,School 1385,Italy,"$2,497 ",12/5/2020,
1885,School 1903,Finland,"$1,416 ",12/5/2020,
1886,School 643,Czech Republic,"$2,178 ",12/6/2020,
1887,School 770,Costa Rica,"$2,869 ",12/6/2020,
1888,School 872,United States,"$2,467 ",12/6/2020,
1889,School 1484,Australia,"$2,918 ",12/6/2020,
1890,School 1529,Sweden,"$2,420 ",12/6/2020,
1891,School 124,Belgium,"$2,171 ",12/7/2020,
1892,School 357,United States,"$1,354 ",12/7/2020,
1893,School 594,Australia,"$2,417 ",12/7/2020,
1894,School 983,Singapore,$888 ,12/7/2020,
1895,School 1484,Australia,$990 ,12/7/2020,
1896,School 1933,United Kingdom,"$1,602 ",12/7/2020,
1897,School 794,United Kingdom,"$2,054 ",12/8/2020,
1898,School 1051,France,"$2,809 ",12/8/2020,
1899,School 1433,United States,"$1,054 ",12/8/2020,
1900,School 1943,France,"$2,834 ",12/8/2020,
1901,School 140,Australia,"$2,374 ",12/9/2020,
1902,School 265,United States,"$1,506 ",12/9/2020,
1903,School 658,Finland,"$1,232 ",12/9/2020,
1904,School 1040,United States,"$2,688 ",12/9/2020,
1905,School 1483,Australia,"$1,042 ",12/9/2020,
1906,School 1396,China,"$1,752 ",12/9/2020,
1907,School 1682,United States,"$1,094 ",12/9/2020,
1908,School 1909,United States,"$2,431 ",12/9/2020,
1909,School 322,United Arab Emirates,"$2,679 ",12/10/2020,
1910,School 1149,United States,"$2,275 ",12/10/2020,
1911,School 1337,United States,"$1,241 ",12/10/2020,
1912,School 1832,Canada,"$2,291 ",12/10/2020,
1913,School 41,United States,"$2,382 ",12/11/2020,
1914,School 1167,Costa Rica,"$1,718 ",12/11/2020,
1915,School 1419,United States,"$2,391 ",12/11/2020,
1916,School 1487,United States,"$2,018 ",12/11/2020,
1917,School 1800,United Arab Emirates,"$2,594 ",12/11/2020,
1918,School 127,United States,"$1,759 ",12/12/2020,
1919,School 647,United States,"$2,606 ",12/12/2020,
1920,School 802,Finland,"$1,757 ",12/12/2020,
1921,School 1994,Italy,"$1,015 ",12/12/2020,
1922,School 786,Belgium,"$2,291 ",12/13/2020,
1923,School 808,United States,"$2,333 ",12/13/2020,
1924,School 1223,Belgium,"$2,954 ",12/13/2020,
1925,School 1272,Finland,"$2,238 ",12/13/2020,
1926,School 1464,United States,"$1,820 ",12/13/2020,
1927,School 241,Italy,"$1,574 ",12/14/2020,
1928,School 369,United States,"$2,247 ",12/14/2020,
1929,School 1011,China,"$2,368 ",12/14/2020,
1930,School 1224,Brazil,"$1,472 ",12/14/2020,
1931,School 1610,Czech Republic,"$2,356 ",12/14/2020,
1932,School 1990,United Kingdom,"$2,133 ",12/14/2020,
1933,School 37,United States,"$1,400 ",12/14/2020,
1934,School 22,Hong Kong,"$1,743 ",12/15/2020,
1935,School 8,United States,"$2,069 ",12/15/2020,
1936,School 258,South Africa,"$2,835 ",12/15/2020,
1937,School 263,United States,"$1,726 ",12/15/2020,
1938,School 605,United States,"$1,217 ",12/15/2020,
1939,School 662,United States,$899 ,12/15/2020,
1940,School 1210,South Korea,$927 ,12/15/2020,
1941,School 62,Belgium,"$2,808 ",12/16/2020,
1942,School 132,United States,"$1,596 ",12/16/2020,
1943,School 616,Italy,"$2,794 ",12/16/2020,
1944,School 828,United States,"$1,910 ",12/16/2020,
1945,School 966,Canada,"$1,539 ",12/16/2020,
1946,School 12,United Arab Emirates,"$1,506 ",12/17/2020,
1947,School 441,United States,"$2,808 ",12/17/2020,
1948,School 559,Italy,"$1,302 ",12/17/2020,
1949,School 622,Finland,"$1,968 ",12/17/2020,
1950,School 41,United States,"$2,470 ",12/18/2020,
1951,School 336,United Kingdom,"$1,255 ",12/18/2020,
1952,School 815,Costa Rica,"$1,463 ",12/18/2020,
1953,School 822,United States,$849 ,12/18/2020,
1954,School 955,United States,"$2,875 ",12/18/2020,
1955,School 1744,China,"$1,088 ",12/18/2020,
1956,School 1781,Hong Kong,"$2,938 ",12/18/2020,
1957,School 44,China,"$1,869 ",12/19/2020,
1958,School 8,United States,"$2,761 ",12/19/2020,
1959,School 1170,Czech Republic,"$2,303 ",12/19/2020,
1960,School 1340,United States,"$1,228 ",12/19/2020,
1961,School 67,United States,"$2,629 ",12/20/2020,
1962,School 291,Brazil,"$1,035 ",12/20/2020,
1963,School 867,United States,"$1,723 ",12/20/2020,
1964,School 999,Brazil,"$2,052 ",12/20/2020,
1965,School 1220,Australia,"$1,083 ",12/20/2020,
1966,School 297,United States,"$2,487 ",12/21/2020,
1967,School 803,United States,"$1,427 ",12/21/2020,
1968,School 706,United States,"$2,724 ",12/21/2020,
1969,School 994,China,"$2,420 ",12/21/2020,
1970,School 1093,Italy,"$1,143 ",12/21/2020,
1971,School 1589,Australia,"$2,057 ",12/21/2020,
1972,School 1771,United States,"$1,342 ",12/21/2020,
1973,School 39,United States,$921 ,12/22/2020,
1974,School 256,United Arab Emirates,"$1,787 ",12/22/2020,
1975,School 1399,Australia,"$2,860 ",12/22/2020,
1976,School 1851,United States,"$1,087 ",12/22/2020,
1977,School 69,United States,"$2,982 ",12/23/2020,
1978,School 110,United States,"$1,661 ",12/23/2020,
1979,School 1392,New Zealand,"$1,724 ",12/23/2020,
1980,School 1726,United States,"$1,503 ",12/23/2020,
1981,School 230,Singapore,"$1,332 ",12/24/2020,
1982,School 516,United Kingdom,"$2,978 ",12/24/2020,
1983,School 1151,United States,"$2,788 ",12/24/2020,
1984,School 1184,Belgium,"$1,574 ",12/24/2020,
1985,School 449,Australia,"$1,490 ",12/25/2020,
1986,School 894,Australia,"$1,054 ",12/25/2020,
1987,School 926,China,$941 ,12/25/2020,
1988,School 1423,United States,"$2,334 ",12/25/2020,
1989,School 250,China,$956 ,12/26/2020,
1990,School 471,Denmark,"$2,351 ",12/26/2020,
1991,School 38,United States,"$1,464 ",12/26/2020,
1992,School 152,United States,"$2,186 ",12/27/2020,
1993,School 887,United States,"$2,515 ",12/27/2020,
1994,School 1113,Japan,"$2,744 ",12/27/2020,
1995,School 1674,Sweden,"$2,040 ",12/27/2020,
1996,School 1896,Italy,"$2,632 ",12/27/2020,
1997,School 64,United States,"$2,001 ",12/28/2020,
1998,School 252,Italy,"$2,166 ",12/28/2020,
1999,School 371,United States,"$2,216 ",12/28/2020,
2000,School 718,United States,"$1,995 ",12/28/2020,
2001,School 1121,Mexico,"$1,042 ",12/28/2020,
2002,School 1193,Japan,"$1,552 ",12/28/2020,
2003,School 1454,Australia,"$1,357 ",12/28/2020,
2004,School 1677,Canada,$957 ,12/28/2020,
2005,School 1925,United States,"$1,440 ",12/28/2020,
2006,School 630,United States,"$2,840 ",12/29/2020,
2007,School 66,United States,"$1,987 ",12/30/2020,
2008,School 1046,Italy,"$2,026 ",12/30/2020,
2009,School 1091,China,"$2,328 ",12/30/2020,
2010,School 1215,United States,"$1,548 ",12/30/2020,
2011,School 1245,United States,"$1,549 ",12/30/2020,
2012,School 1471,Belgium,"$2,858 ",12/30/2020,
2013,School 1555,Finland,"$1,456 ",12/30/2020,
2014,School 1784,United States,"$1,248 ",12/30/2020,
2015,School 1809,United States,$791 ,12/30/2020,
2016,School 1972,Sweden,$831 ,12/30/2020,
2017,School 217,Finland,"$1,105 ",12/31/2020,
2018,School 248,United States,$788 ,12/31/2020,
2019,School 30,Belgium,"$2,667 ",12/31/2020,
2020,School 1307,Australia,"$2,201 ",12/31/2020,
2021,School 1369,France,"$2,923 ",12/31/2020,
2022,School 1785,United States,"$2,166 ",12/31/2020,
2023,School 1960,Hong Kong,"$1,433 ",12/31/2020,
2024,School 2021,Brazil,"$2,754 ",12/31/2020,
